DBA,Owner / Community_Name,Location_Address,County,Total_#_Sites,House district,Senate district
CEDARBROOK ESTATES,P S F ASSOCIATES,"323 LEGRAND BLVD., WHITE LAKE TWP., MI 48383",OAKLAND,691,51,23
,"LEFFINGWELL ESTATES, LLC","595 S MERIDIAN RD, HUDSON MI 49247",LENAWEE,100,34,16
STERLING ESTATES,C E ASSOCIATES,"43475 LAGRAND, STERLING HEIGHTS, MI 48078",MACOMB,760,57,9
,CONTINENTAL ESTATES MI LLC,"41 REVERE, DAVISON, MI 48423",GENESEE,386,68,26
,"MELVINDALE MOBILE HOME PARK, INC","18630 DIX, MELVINDALE, MI 48122",WAYNE,59,3,1
HICKORY HILLS VILLAGE,HICKORY HILLS VILLAGE LLC,"10450 SIX MILE ROAD, BATTLE CREEK, MI 49017",CALHOUN,283,45,18
BROOKHAVEN PARK,CARRIAGE WAY MHP LLC,"4747 WEST RIVER DR, COMSTOCK PARK MI 49321",KENT,73,81,30
JUNES MOBILE VILLAGE,JUNES MOBILE HOME PARK LIMITED PARTNERSHIP,"395 LABADIE COURT, ECORSE, MI 48229",WAYNE,146,2,1
LAKEVIEW MOBILE HOME COURT,"LEBLANC FAMILY LTD PARTNERSHIP, THE","745 EAST HURON RIVER DRIVE, BELLEVILLE, MI 48111",WAYNE,60,31,4
INDIAN ACRES MOBILE HOME PARK,GERALD KOSTER,"770 129TH AVE. R#2, SHELBYVILLE, MI 49344",ALLEGAN,35,43,18
ALLEGAN MOBILE ESTATES,ALLEGAN MOBILE ESTATES LLC,"1260 LINCOLN ROAD, ALLEGAN, MI 49010",ALLEGAN,42,43,20
DEARBORN TRAILER PARK,DONALD W ARNEY,"21851 WEST WARREN, DEARBORN HEIGHTS, MI 48127",WAYNE,47,15,2
HOMECREST VILLA MOBILE HOME PARK,HOMECREST VILLA MHP LLC,"3382 MONROE ROAD, ALLEGAN, MI 49010",ALLEGAN,58,43,20
WHITE PINE ESTATES,SHARON JEAN ALTMAN,"PAUL DRIVE, MESICK, MI 49668",WEXFORD,33,101,36
BUENA VISTA ESTATES,SOUTHERN LLC,"17330 HONOR HWY, INTERLOCHEN, MI 49643",BENZIE,68,104,32
AUSABLE MOBILE HOME VILLAGE,HEZ PROPERTIES LLC,"331 FIRST ST, OSCODA, MI 48750",IOSCO,27,99,36
,"OAKFIELD MOBILE HOME PARK, LLC","12176 14 MILE ROAD, GREENVILLE, MI 48838",KENT,22,91,33
BEDFORD HILLS,NP BEDFORD HILLS LLC,"110 BEJAC CIRCLE DR, BATTLE CREEK, MI 49037",CALHOUN,340,44,18
LINCOLN ESTATES,"ASPEN HOLLAND ESTATES, LLC","1139 LINCOLN AVENUE, HOLLAND, MI 49423",ALLEGAN,192,86,31
,GRANITE WILLOW POINT LLC,"43400 LENFESTY, MT. CLEMENS, MI 48043",MACOMB,299,62,12
ANDREWS TRAILER COURT,GERALD KOSTER,"1202 WEST M-89, PLAINWELL, MI 49080",ALLEGAN,36,42,18
LEISURE VILLAGE,LEISURE VILLAGE MOBILE HOME PARK LLC,"5305 CIRCLE DR, BELMONT MI 49306",KENT,258,90,30
,DAVISON MOBILE HOME COMMUNITY,"10364 DAVISON ROAD, DAVISON, MI 48423",GENESEE,26,68,26
,TRADEWIND MOBILE HOME COURT,"12400 NORTH SAGINAW STREET, CLIO, MI 48420",GENESEE,29,69,27
,"METRO COMMONS ASSOCIATES, LLC","28745 VAN BORN ROAD, ROMULUS, MI 48174",WAYNE,225,26,4
JOHNSON VILLAGE MOBILE HOME PARK,DOUGLAS & JOHNSON MOBILE ASSOCIATES LTD,",",ALLEGAN,75,,
,"FLUSHING MOBILE COURT, INC","638 NORTH MCKINLEY ROAD, FLUSHING, MI 48433",GENESEE,59,69,27
GRAND MOBILE VILLAGE,ASPEN GRAND PROJECT LLC,"6500 DIVISION AVENUE, GRAND RAPIDS, MI 49508",KENT,328,79,20
,HIDDEN LAKE ESTATES MI LLC,"505 NORTH ROCHESTER ROAD, LEONARD, MI 48051",OAKLAND,269,66,24
,FLAMINGO TRAILER COURT INC,"22600 MIDDLEBELT RD, FARMINGTON HILLS, MI 48024",OAKLAND,226,18,6
,"CLINTONVILLA I, LLC","4871 CLINTONVILLE ROAD, CLARKSTON, MI 48346",OAKLAND,180,52,23
,"COLLEGE HEIGHTS ASSOCIATES, LLC","3501 AUBURN ROAD, AUBURN HEIGHTS, MI 48057",OAKLAND,162,101,36
,"ASPEN-ALPINE PROJECT, LLC","3800 FRUIT RIDGE ROAD, GRAND RAPIDS, MI 49504",KENT,403,90,30
"RIVERS EDGE, A QUIET COMMUNITY","PROGRESSIVE COMMUNITIES ECSC, LLC","60 HATHAWAY STREET, ST. CLAIR, MI 48054",ST CLAIR,51,63,25
,"APPLETREE ESTATES ASSOCIATES, LLC","1061 WILSON AVENUE, WALKER, MI 49504",KENT,238,84,30
,CRESTVIEW MANOR,"1485 RIDGEVIEW DR, LAPEER MI 48446",LAPEER,200,67,26
,OSSINEKE MOBILE HOME PARK LLC,"10409 WASHINGTON AVENUE, OSSINEKE, MI 49766",ALPENA,10,106,36
,PARKHURST ESTATES MHC,"1540 LAPEER RD., OXFORD, MI 48371",OAKLAND,320,66,24
,WASHINGTON MOBILE HOME PARK,"60630 VAN DYKE, WASHINGTON, MI 48094",MACOMB,107,66,24
,CARO ESTATES LLC,"885 S STATE STREET, CARO MI 48723",TUSCOLA,63,97,25
,KINGSBROOK MHC LLC,"4600 N VAN DYKE, ALMONT MI 48003",LAPEER,233,65,24
VILLAGE EAST MOBILE HOME PARK,ALLEGAN MOBILE ESTATES LLC,"1258 LINCOLN ROAD, ALLEGAN, MI 49010",ALLEGAN,94,43,20
,TWIN PINES MHC LLC,"2701 CALHOUN RD, ALBION MI 49224",CALHOUN,73,44,17
,RED RUN LLC,"1066 LINDA LANE, MADISON HEIGHTS MI 48071",OAKLAND,123,57,3
,"LITTLE VALLEY ESTATES, INC","20832 TUCK ROAD, FARMINGTON HILLS, MI 48024",OAKLAND,158,18,6
ECKERTS MOBILE HOME COURT,PATRICIA C ECKERT & MATTHEW WACHOSKI,"2324 ELEVEN MILE ROAD BOX 2, WARREN, MI 48091",MACOMB,77,14,3
COUNTRY ACRES MOBILE HOME PARK,COUNTRY ACRES PARTNERS LLC,"5904 142ND AVE, HOLLAND MI 49423",ALLEGAN,113,43,31
LAKESHORE VILLAGE MOBILE HOME PARK,KRISHAN KUMAR KALIA,"35922 E. JEFFERSON, HARRISON TWP., MI 48043",MACOMB,45,61,12
,WINDSOR FARMS MI LLC,"23680 SANDPIPER DRIVE, CLINTON TOWNSHIP, MI 48036",MACOMB,633,61,12
,PRESQUE ISLE ESTATES,"429 BALSAM, ROGERS CITY, MI 49779",PRESQUE ISLE,64,106,36
,BLUE SKY MOBILE HOME PARK LLC,"36530 JEFFERSON AVE, MT. CLEMENS, MI 48045",MACOMB,134,61,12
SHADY OAKS MOBILE HOME PARK,PETER F RUSKIEWICZ,"6168 W M-80, KINROSS MI 49752",CHIPPEWA,14,108,38
,MAYWOOD ESTATES LLC,"20741 TUCK ROAD, FARMINGTON, MI 48024",OAKLAND,34,18,6
BYRON CENTER,ASPEN BYRON PROJECT LLC,"2680 84TH STREET, BYRON CENTER, MI 49315",KENT,143,79,20
,SUN CUTLER LLC A MICHIGAN LLC,"6471 SO. DIVISION, GRAND RAPIDS, MI 49508",KENT,284,80,29
HOLTS MOBILE HOME COURT AND SALES,OTHIE L HOLT,"6576 N DORT HWY, FLINT, MI 48505",GENESEE,57,70,27
,PARKVIEW ESTATES-NORTH LLC,"3500 WEST JEFFERSON, TRENTON, MI 48183",WAYNE,65,27,4
SWARTZ CREEK MEADOWS,NEPTUNE ENTERPRISES LLC,"4101 SHERIDAN ROAD, LENNON, MI 48449",GENESEE,608,69,27
TIMBERLINE ESTATES,SUN SECURED FINANCING LLC,"260 PIN OAK DRIVE, COOPERSVILLE, MI 49404",OTTAWA,303,89,30
,SUNRISE ESTATES MANUFACTURED HOME COMMUNITY LLC,"10080 US 23 NORTH, ALPENA, MI 49707",ALPENA,12,106,36
,WINDMILL POINTE MHC LLC,"588 48TH SE, KENTWOOD MI 49508",KENT,334,80,29
CITY OF ROSE CITY TRAILER PARK,CITY OF ROSE CITY,"410 N. WILLIAMS STREET, ROSE CITY, MI 48654",OGEMAW,16,99,36
HAWAIIAN GARDENS,SUN SILVER STAR LLC,"4261 GRANGE HALL ROAD, HOLLY, MI 48442",OAKLAND,233,72,22
,DECKERVILLE ESTATES MHC LLC,"2451 BLACK RIVER ST, DECKERVILLE, MI 48427",SANILAC,43,98,25
,SOMERSET MOBILE HOME COMMUNITY LLC,"117 BURCH RD STE B, COLDWATER MI 49036",BRANCH,56,35,17
,NILES PINES ESTATES,"900 MOBILE BLVD., NILES, MI 49120",CASS,80,37,17
LINDEN MOBILE HOME PARK,LINDEN R JONES,"19350 STATE LINE RD, EDWARDSBURG, MI 49112",CASS,57,36,17
,WHITE CREEK COUNTRY ESTATES,"15851 WHITE CREEK AVENUE, CEDAR SPRINGS, MI 49319",KENT,177,91,33
WHITE LAKE MOBILE HOME VILLAGE,"SUN SECURED FINANCING, LLC","1415 FISK ROAD, WHITE LAKE, MI 48386",OAKLAND,315,51,23
KINGS COURT,SUN KING'S COURT II LLC,"1585 RAY BLVD, TRAVERSE CITY, MI 49686",GRAND TRAVERSE,803,103,37
,"ROMEO MOBILE MANOR, INC","400 NOTRE DAME BLVD., ROMEO, MI 48065",MACOMB,98,66,24
AVRA ESTATES II,ALAN KEITH AVRA,"27 W GARFIELD AVENUE, COLDWATER, MI 49036",BRANCH,33,35,17
,TROWBRIDGE COMMUNITY,"2467 108TH AVE LOT #1, OTSEGO MI 49078",ALLEGAN,14,39,18
,BASELINE ESTATES LLC,"117 WESLER DR LOT 50, GOBLES, MI 49055",ALLEGAN,75,39,18
PAW PAW LAKE MOBILE HOME PARK,PAW PAW LAKE MOBILE HOME PARK LIMITED PARTNERSHI,"5259 NORTH WATERVLIET RD, WATERVLIET, MI 49098",BERRIEN,49,39,20
TOPAZ ESTATES,COLORED STONE PROPERTIES LLC,"2100 135TH AVENUE, HOPKINS, MI 49328",ALLEGAN,46,43,20
MAPLE VIEW MOBILE HOME PARK,KENNETH R SANTI,"124 WARREN DR, CRYSTAL FALLS MI 49920",IRON,15,110,38
EVERGREEN MOBILE HOME COMMUNITY,BATTLE CREEK RENTALS LLC,"2096 N STATE RD, IONIA MI 48846",IONIA,109,78,33
WHITE BIRCH VILLAGE,PARRISH PROPERTIES VII,"W8095 SOUTH U.S. 2, IRON MT MI 49801",DICKINSON,249,110,38
,DUMONT CREEK INVESTORS LLC,"1925 LAURA ST, ALLEGAN, MI 49010",ALLEGAN,75,43,20
,WOODLAND ESTATES LLC,"6737 NORTHLAND DRIVE, ROCKFORD, MI 49341",KENT,170,90,30
CROSWELL ESTATES,JMC COMMUNITIES INC,"20 BLACK RIVER ROAD, CROSWELL, MI 48422",SANILAC,42,98,25
,STOLKHOLM LLC,"800 WEST MIER ROAD, SANFORD, MI 48657",MIDLAND,116,95,34
TOWN & COUNTRY,ASPEN TOWN & COUNTRY ASSOCIATES II LLC,"849 MANOR, TRAVERSE CITY, MI 49684",GRAND TRAVERSE,192,103,37
WOODLAND ESTATES MANUFACTURED HOUSING COMMUNITY,DAGENAIS REAL ESTATE INC,"1600 S 30TH ST, ESCANABA MI 49829",DELTA,226,108,38
EVERGREEN ESTATES,EVERGREEN MHP LLC,"2158 W CARO RD, CARO MI 48723",TUSCOLA,93,97,25
ALGOMA ESTATES MANUFACTURED HOME COMMUNITY,"ALGOMA ASSOCIATES, LLC","4456 13 MILE, ROCKFORD, MI 48341",KENT,343,90,30
SILVER CREEK ESTATES,SILVER CREEK ESTATES MHC,"627 WILLOW RD., LOT 101, MARQUETTE, MI 49855",MARQUETTE,104,109,38
KNOLLWOOD ESTATES,SUN KNOLLWOOD LLC,"4595 KNOLLWOOD DRIVE, ALLENDALE, MI 49401",OTTAWA,161,89,30
SUNNYSIDE PARK,CHIN INVESTMENTS ONE LLC,"2740 PACKARD, ANN ARBOR, MI 48108",WASHTENAW,53,33,15
WESTWOOD VILLAGE MOBILE HOME ESTATE,WESTWOOD VILLAGE INVESTMENT GROUP LLC,"3365 WEST PASADENA, FLINT, MI 48504",GENESEE,152,69,27
,"SOUTH LYON WOODS ASSOCIATES, LLC","530 LANIER, SOUTH LYON, MI 48178",OAKLAND,211,23,23
ALANS PARK,RICHARD VAN GILDER,"3575 NICHOLSON RD, FOWLERVILLE, MI 48836",LIVINGSTON,199,50,22
,GRANITE ROBBINWOOD VILLA LLC,"26115 THIRD STREET, TAYLOR, MI 48180",WAYNE,269,29,1
,ORCHARD GROVE HOLDINGS LLC,"2835 SOUTH WAGNER #200, ANN ARBOR, MI 48103",WASHTENAW,290,33,14
,SYLVAN VALLEY ESTATES INC,"46537 ECORSE, BELLEVILLE, MI 48111",WAYNE,37,31,4
SANDY PINES TRAILER PARK,BRIAN R MASTAW,"95 W. 15 MILE RD., LOT #23, SAULT STE. MARIE, MI 49783",CHIPPEWA,14,107,37
,"BIRCHCREST ESTATES MHC, LLC","2330 E. MAIN ST., NILES, MI 49120",BERRIEN,110,37,17
SUN CAMELOT VILLA,SUN CAMELOT VILLA LLC,"17111 HALL ROAD, MACOMB, MI 48044",MACOMB,712,60,11
,"NORTH SHORE MHC, LLC","17990 NORTH SHORE ROAD, FERRYSBURG, MI 49409",OTTAWA,96,88,31
KENSINGTON PLACE,KENSINGTON PARK LTD,"60501 GRAND RIVER AVENUE, NEW HUDSON, MI 48165",OAKLAND,488,49,23
LAKEVIEW MOBILE HOME PARK,JMC COMMUNITIES INC,"5767 MAIN STREET, LEXINGTON, MI 48450",SANILAC,38,98,25
,LARRYS TRAILER COURT,"10692 N BLACK RIVER RD., CHEBOYGAN, MI 49721",CHEBOYGAN,8,106,37
,GRANITE ROBBINWOOD VILLA LLC,"7550 BEECH DALY, TAYLOR, MI 48180",WAYNE,114,29,1
,TAG A LONG LLC,"6609 S. RIVER RD., MARINE CITY, MI 48039",ST CLAIR,38,63,25
,COUNTRY MANOR,"5649 S. VERNON RD., DURAND, MI 48429",SHIAWASSEE,44,71,28
SYCAMORE VILLAGE,SYCAMORE VILLAGE MOBILE HOME PARK LLC,"900 W COLUMBIA ST, MASON, MI 48854",INGHAM,449,73,21
,"STODDARD MOBILE COURT & SALES, INC","16940 SOUTH OAKLEY ROAD, CHESANING, MI 48616",SAGINAW,125,71,34
,WEBBERVILLA LLC,"400 WEST GRAND RIVER AVENUE, WEBBERVILLE, MI 48892",INGHAM,174,73,22
GRIEVES TRAILER PARK,MKG PRPERTIES LLC,"178 WASHINGTON STREET, SARANAC, MI 48881",IONIA,4,78,18
,SUN HAWAIIAN HOLLY LLC A MICHIGAN LLC,"4041 GRANGE HALL ROAD, HOLLY, MI 48442",OAKLAND,192,72,22
WHITE PINES MOBILE HOME PARK,JOEL E REINOEHL,"29530 M-152, DOWAGIAC, MI 49047",CASS,36,37,17
,CREEKSIDE MEADOWS OF ST JOHNS MHC LLC,"2265 WEST PARKS ROAD - LOT 1, ST. JOHNS, MI 48879",CLINTON,216,75,28
,LONG LAKE MOBILE HOME PARK LLC,"2701 WEST LONG LAKE ROAD, ORLEANS, MI 48865",IONIA,27,91,33
,LAKESHORE ESTATES,"8924 WEST LONG LAKE ROAD, ALPENA, MI 49707",ALPENA,58,106,36
LAKEVIEW MOBILE HOME PARK,SUN LAKEVIEW LLC,"9910 GERALDINE STREET, YPSILANTI, MI 48197",WASHTENAW,392,32,15
,AVRA ESTATES,"415 WEST CHICAGO ROAD, COLDWATER, MI 49036",BRANCH,62,35,17
SEAWAY TRAILER COURT,"SEAWAY TRAILERS, LLC","9708 NORTH RIVER ROAD, ALGONAC, MI 48001",ST CLAIR,12,63,12
FOUR KORNERS MOBILE HOME PARK,JAMES B ERICKSON,"100 TAYLOR ROAD, GWINN, MI 49841",MARQUETTE,14,109,38
DUNLOPS ORCHARD PARK,PHYLLIS E ROGERS,"12703 WEST PINE LAKE ROAD, PLAINWELL, MI 49080",BARRY,22,43,18
,"ALPINE MOBILE VILLAGE, INC","4840 ALPINE AVENUE NW, COMSTOCK PA 49321",KENT,118,90,30
,BIRCHGROVE MOBILE HOME COMMUNITY,"500 PIONEER ROAD, MARQUETTE, MI 49855",MARQUETTE,77,109,38
COUNTRY VILLAGE MOBILE HOME ESTATES,HELMUT K UNGER,"7781 WEST GRAND RIVER, GRAND LEDGE, MI 48837",CLINTON,75,77,28
COUNTRY VILLAGE ESTATES,COUNTRYSIDE VILLAGE GROUP LTD,"2701 I-75 BUSINESS LOOP, WEST BRANCH MI 48661",OGEMAW,53,99,36
COLONIAL MANOR MANUFACTURED HOME COMMUNITY,"COLONIAL MANOR ASSOCIATES, LLC","5500 WEST K L AVENUE, KALAMAZOO, MI 49009",KALAMAZOO,193,40,19
,COACHMANS COVE LIMITED PARTNERSHIP,"6600 PORTAGE LAKE ROAD, MUNITH, MI 49259",JACKSON,250,48,14
,CLIMAX MOBILE HOME PARK INC,"14253 EAST ON AVENUE, CLIMAX, MI 49034",KALAMAZOO,75,45,18
,HILLCREST ACRES ASSOCIATES LLC,"3205 DOUGLAS AVE, KALAMAZOO MI 49007",KALAMAZOO,150,41,19
,HILLANLAKE VILLAGE MOBILE HOME PARK,"3998 SUNSET DRIVE, BROOKLYN, MI 49230",JACKSON,149,47,14
,"SPRING VALLEY ESTATES, INC","121 SPLIT RAIL TRAIL, HANOVER, MI 49241",JACKSON,94,45,14
GLENVIEW MOBILE HOME PARK,DANIEL FRAZER,"4090 JACKSON RD, SARANAC, MI 48881",IONIA,13,78,18
DORSEY'S ON GLEN LAKE,NAAD PROPERTIES LLC,"8648 S. DORSEY PARK RD., EMPIRE, MI 49630",LEELANAU,31,103,37
COLONIAL ACRES MANUFACTURED HOME COMMUNITY,COLONIAL ACRES ASSOCIATES LLC,"5374 DEADWOOD DR, KALAMAZOO MI 49002",KALAMAZOO,612,41,19
,GRAND OAKS VILLAGE LLC,"817 NORTH CLINTON, GRAND LEDGE, MI 48837",EATON,168,77,21
GLENN WOOD MOBILE VILLAGE,GLENN WOOD MOBILE ASSOCIATES,"2526 MORRISSEY, WARREN, MI 48090",MACOMB,147,14,3
,"HIGHLAND HILLS, INC","398 SECOND ST, ST. IGNACE, MI 49781",MACKINAC,35,107,37
MOBILEHOME BEACH,MILO ALLETT,"92441 LAKE SHORE DR, LAWTON, MI 49065",VAN BUREN,29,39,20
LAWRENCE MOBILE HOME PARK,"MAPLE HILL MOBILE HOME PARK, LLC","175 CORWIN, LAWRENCE, MI 49064",VAN BUREN,60,39,20
KLINES RESORT & MOBILE HOME PARK,"KLINES RESORT, LTD","22460 KLINES RESORT RD R#2, THREE RIVERS MI 49093",ST JOSEPH,159,36,17
,HICKORY LANE MOBILE HOME PARK LLC,"14809 W-M60, THREE RIVERS MI 49093",ST JOSEPH,32,36,17
COLONIAL ESTATES MANUFACTURED HOME COMMUNITY,CELINE DEVELOPMENTS LLC,"501 N US WAY 131 #9, WHITE PIGEON MI 49099",ST JOSEPH,112,36,17
,COLONIAL ACRES MOBILE HOME PARK & SALES,"24995 US 12 EAST, EDWARDSBURG, MI 49112",CASS,106,36,17
,WHISPERING PINES TRAILER PARK,"240 S MT TOM RD, MIO MI 48647",OSCODA,9,105,36
,BARRYS RESORT INC,"2875 SOUTH CHARLTON PARK ROAD, HASTINGS, MI 49058",BARRY,50,78,18
,HALF MOON LAKE RESORT,"2832  STAINES RD. S.E., STANTON, MI 48888",MONTCALM,6,91,33
,LESLIES MOBILE HOME VILLAGE,"25214 GRATIOT, ROSEVILLE, MI 48066",MACOMB,166,12,11
LAKEVIEW MOBILE HOME ESTATES,DANIEL R OCONNOR,"R#2 INDIAN LAKE, EAU CLAIRE, MI 49111",CASS,18,37,17
,TIMBERLINE ESTATES MOBILE HOME PARK,"2315 EAST RIVER ROAD, TWIN LAKE, MI 49457",MUSKEGON,302,87,32
"OAKS MOBILE HOME PARK, THE",OAKTRAIL ASSOCIATES,"3240 GETTY STREET, MUSKEGON, MI 49444",MUSKEGON,172,20,32
APPLE CARR VILLAGE,APPLE CARR VILLAGE MOBILE HOME PARK LLC,"516 COURTLAND, MUSKEGON, MI 49442",MUSKEGON,716,89,32
WESTPHALIA TRAILER COURT,PATRICIA HENGESBACH,"13606 JASON RD., WESTPHALIA MI 48894",CLINTON,8,77,28
WILLOW GREEN MOBILE HOME COMMUNITY,"LAWSON VILLAGE, LLC","2033 N OUTER DR, MONROE MI 48161",MONROE,586,30,16
MEADOWBROOK ESTATES MANUFACTURED HOME COMMUNITY,"SUN POOL 3, LLC","1250 STRANDWYCK, MONROE, MI 48161",MONROE,455,30,16
,INVERNESS COMMUNITY LLC,"6230 LEWIS, TEMPERENCE MI 48182",MONROE,518,30,16
ALLENDALE MEADOWS,SUN SECURED FINANCING LLC,"11400 BOYNE BLVD., ALLENDALE, MI 49401",OTTAWA,352,89,30
,HOLIDAY HAVEN TRAILER PARK ASSOCIATION,"2250 OTTAWA BEACH ROAD, HOLLAND, MI 49424",OTTAWA,45,86,31
MAPLE VIEW,MAPLE PARKS LLC,"1984 92ND AVENUE, ZEELAND, MI 49464",OTTAWA,93,85,31
MICHIANA MOBILE HOME PARK,NOTTAWA ESTATES LLC,"135 SOUTH NOTTAWA, NOTTAWA, MI 49075",ST JOSEPH,40,36,17
,"PINE ISLAND LAKE RECREATION PARK, INC","3768 PINE ISLAND DR., LOT 9, HOLTON, MI 49425",MUSKEGON,30,102,32
WHISPERING PINES ESTATES,WALTER SCHEWE,"R#4 PHOENIX ROAD, SOUTH HAVEN, MI 49090",VAN BUREN,50,38,20
LEXINGTON NORTH SHORES,VILLAGE OF LEXINGTON,"5203 MAIN STREET, LEXINGTON, MI 48450",SANILAC,232,98,25
,NORTHLAND ACRES MHC,"13323 NORTHLAND DRIVE, CEDAR SPRINGS, MI 49319",KENT,71,91,33
,LA-E-MA LAND MOBILE HOME PARK INC,"7825 CANNONSBURG ROAD, ROCKFORD, MI 49341",KENT,29,90,33
,RUSH LAKE MOBILE HOME PARK & CAMP LLC,"48401 RUSH LAKE RD LOT 1, HARTFORD, MI 49057",VAN BUREN,20,39,20
WEST POINT HILLS,CREEKSIDE WEST POINT HILLS LLC,"24878 25TH STREET, MATTAWAN, MI 49071",VAN BUREN,377,39,19
WINDMILL PARK,THEROUX DEVELOPMENT COMPANY,"1433 EIFERT ROAD, HOLT, MI 48842",INGHAM,484,74,21
VALLEY SPRINGS MOBILE HOME PARK,VALLEY SPRINGS MOBILE HOME PARK LLC,"4723 NORTH HARTEL ROAD, POTTERVILLE, MI 48876",EATON,81,76,21
FLAT ROCK VILLAGE,"TRI-PARK HOLDINGS, LLC","11150 TELEGRAPH ROAD, CARLETON, MI 48117",MONROE,332,29,32
,MICHAEL R ANDREE,"7725 SUMMERFIELD RD, LAMBERTVILLE MI 48144",MONROE,28,30,16
FAIRVIEW ESTATES,"DAGENAIS REAL ESTATE, INC","1401 NORTH 23RD STREET, ESCANABA, MI 49829",DELTA,154,108,38
,RIVERVIEW HOLDINGS LLC,"3460 47TH ST APT 12, HAMILTON MI 49419",ALLEGAN,50,43,20
MARLIN VILLAGE MOBILE HOME PARK,NILES MOBILE HOME PARK INC,"2995 DETROIT RD, NILES MI 49120",CASS,38,37,17
,"ARLINGTON ESTATES, LLC","3785 EVANSTON AVE, MUSKEGON MI 49442",MUSKEGON,660,87,32
B-24 MOBILE HOME PARK,"VSC PROPERTY MANAGEMENT, LLC","4785 MUNGER RD, YPSILANTI, MI 48197",WASHTENAW,20,32,15
RUDGATE MANOR MOBILE HOME PARK,RUDGATE VILLAGE COMPANY LTD,"5150 RUDGATE BLVD, STERLING HEIGHTS, MI 48078",MACOMB,931,57,9
PRESIDENTIAL ESTATES,SUN SECURED FINANCING LLC,"5075 PRESIDENTIAL LANE, HUDSONVILLE, MI 49426",OTTAWA,364,85,31
,MEMORY LANES MOBILE HOME PARK LLC,",",ST JOSEPH,227,,
EMERALD ESTATES,COLORED STONES PROPERTIES LLC,"236 JONES ST, GRANT, MI 49327",NEWAYGO,31,101,33
,"ROB-ANN MOBILE HOME COURT, LLC","1215 LOCUST STREET, FREMONT, MI 49412",NEWAYGO,84,101,33
MEADOWVIEW VILLAGE MOBILE HOME PARK,AN-WIL INC,"1307 LOCUST STREET, FREMONT, MI 49412",NEWAYGO,86,101,33
,FREMONT HILLS PARK LLC,"927 LAKE DRIVE, FREMONT, MI 49412",NEWAYGO,55,101,33
RILEYS MOBILE HOME COURT,"YOUNG PROPERTY MANAGEMENT, INC","3700 NORTH HILLSDALE ROAD, HILLSDALE, MI 49242",HILLSDALE,28,35,16
EVERGREEN ESTATES MOBILE HOME PARK,RRR ENTERPRISES LLC,"532 WEST CHICAGO ROAD, JONESVILLE, MI 49250",HILLSDALE,108,35,16
,"CRYSTAL DOWNS MHC, LLC","2701 CRYSTAL LAKE ROAD, WHITEHALL, MI 49461",MUSKEGON,104,102,32
,"OAKWOOD HEIGHTS MOBILE HOME PARK, LTD","1625 VINECROFT NW, GRAND RAPIDS, MI 49504",KENT,43,84,30
GLEN-AIRE MOBILE HOME PARK,"GLEN-AIRE, LLC","1153 WEST GLENLORD ROAD, ST. JOSEPH, MI 49085",BERRIEN,130,38,20
NORTH SHORES ESTATES MOBILE HOME PARK,THE RADA GROUP LLC,"1565 M-63 NORTH #33, BENTON HARBOR, MI 49022",BERRIEN,99,38,20
,LAKESHORE ESTATES MHC LLC,"3017 JOHNSON RD, STEVENSVILLE, MI 49127",BERRIEN,106,38,20
,THE VILLAGE GREEN OF GRAND HAVEN LLC,"1700 ROBBINS RD. #301, GRAND HAVEN, MI 49417",OTTAWA,391,88,31
LOMBARDINI TRAILER PARK,ROBERT L LOMBARDINI,"1228 M-89 WEST, PLAINWELL, MI 49080",ALLEGAN,50,42,18
BROOMFIELD VALLEY MOBILE HOME PARK,TED LUEDER,"6553 WEST REMUS ROAD, MT. PLEASANT, MI 48858",ISABELLA,127,92,34
FRENCHTOWN VILLA,"R E FUND NEWPORT, LLC","1250 PAREE AVENUE, NEWPORT, MI 48166",MONROE,749,28,16
CLARKSTON LAKES MOBILE HOME COMMUNITY,C LAKE CLARKSTON ASSOCIATES,"4260 DOGWOOD BOULEVARD, CLARKSTON, MI 48016",OAKLAND,498,66,24
MAPLE HILL VILLAGE,MAPLE HILL MOBILE HOME PARK LLC,"100 MAPLE HILL, HARTFORD MI 49057",VAN BUREN,99,39,20
COUNTRY VILLAGE MHP,HEMLOCK HOLDINGS LLC,"14624 32ND AVENUE, MARNE, MI 49435",OTTAWA,31,89,30
,WOLF LAKE ESTATES,"24054 M-43 HWY, MATTAWAN MI 49071",VAN BUREN,41,39,20
COUNTRYSIDE MOBILE PARK,"LMCO, INC","191 NORTH FILLMORE ROAD, COLDWATER, MI 49036",BRANCH,24,35,17
,MITCHELL BROS MOBILE HOME PARK,"03750 67TH STREET, SOUTH HAVEN, MI 49090",VAN BUREN,49,39,20
KEY HEIGHTS VILLAGE,"LOWELL MHP, LLC","11335 EAST FULTON, LOWELL, MI 49331",KENT,286,78,18
,KENT CITY MHC LLC,"135 SOUTH MAIN, KENT CITY, MI 49330",KENT,74,89,33
EAGLE LAKE ESTATES MOBILE HOME PARK,REMA VILLAGE MOBILE HOME PARK LTD,"24050 NORTH SHORE DR #93, EDWARDSBURG MI 49112",CASS,92,36,17
,VILLA MI LLC,"3096 CAMELOT DR, FLINT MI 48507",GENESEE,319,70,27
HI-WAY MOBILE HAVEN,"GERALD D HARRIS, INC","2600 LANSING ROAD, CHARLOTTE, MI 48813",EATON,67,76,21
DOUGLAS MOBILE ESTATES,DOUGLAS-JOHNSON MOBILE ASSOCIATES LTD,",",ALLEGAN,97,,
,LILLY BANKS LANE,"13400 CORNELL RD, CONCORD MI 49237",JACKSON,19,45,17
,TWIN PINES MOBILE HOME PARK,"1766 RAU RD, WEST BRANCH, MI 48661",OGEMAW,33,99,36
,ASPEN-BRENTWOOD PROJECT LLC,"198 FESCUE S.E., KENTWOOD, MI 49548",KENT,195,80,29
CLIFF VIEW TRAILER PARK,JAMES P MONTELLA,"3200 NORTH M-63, BENTON HARBOR, MI 49022",BERRIEN,10,38,20
,WALNUT TRAILER PARK,"4118 SOUTH SEEGER STREET, CASS CITY MI 48726",TUSCOLA,14,98,25
WELLERS TRAILER PARK,JO A CARNEY,"8928 66TH STREET, ALTO, MI 49302",KENT,21,79,18
HURON SHORES MANUFACTURED HOME COMMUNITY,CREEKSIDE HURON SHORES LLC,"144 SHORELINE EAST, PORT SANILAC, MI 48469",SANILAC,192,98,25
,NORTHERN MICHIGAN PARTNERS LLC,"220 HIAWATHA DR, IRON RIVER MI 49935",IRON,21,110,38
,WHISPERING PINES MOBILE HOME PARK,"8741 0.8 LANE, GLADSTONE, MI 49837",DELTA,6,108,38
,PHOENIX MOBILE HOME COURT LLC,"15011 WEST MICHIGAN, MARSHALL, MI 49068",CALHOUN,33,45,18
,SANDS TRAILER COURT LLC,"110 S STATE HWY M553, GWINN MI 49841",MARQUETTE,14,109,38
SHANGRI LA VILLAGE MOBILE HOME COMMUNITY,SHANGRI-LA PARTNERS LLC,"6900 SOUTH RIVER ROAD, MARINE CITY, MI 48039",ST CLAIR,271,63,25
HIGHLAND HILLS ESTATES,HIGHLAND HILLS ESTATES ASSOCIATES,"25600 SEELEY, NOVI, MI 48050",OAKLAND,198,21,13
NOTTINGHAM FOREST MHC,PURITAN HOLDINGS LLC,"1665 M32 WEST, GAYLORD, MI 49735",OTSEGO,74,105,36
CLOVER ESTATES MOBILE HOME PARK,CLOVER ESTATES LC,"3239 CLOVER PARKWAY, MUSKEGON, MI 49444",MUSKEGON,223,89,32
,PARIS ESTATES LLC,"310 48TH STREET, S.E., GRAND RAPIDS, MI 49548",KENT,155,80,29
BIG TREES MOBILE HOME PARK,ASTER INVESTMENTS INC,"28433 JOY RD, WESTLAND MI 48185",WAYNE,67,25,5
VILLAGE ESTATES MHP,"CARTER HAWKINS, LLC","2580 HOLMES, YPSILANTI, MI 48197",WASHTENAW,75,32,15
FENNERS MOBILE VILLAGE,JAMES A RADATZ,"4172 LAPEER ROAD, PORT HURON, MI 48060",ST CLAIR,35,64,25
,VANS MOBILE HOME PARK,"9720 EAST LANSING RD, DURAND MI 48429",SHIAWASSEE,14,71,28
,QUIET COVE,"12675 COLBY LAKE ROAD, LAINGSBURG, MI 48848",SHIAWASSEE,44,75,28
,COUNTRYSIDE VILLAGE MI LLC,"4600 W. BRITTON ROAD, PERRY, MI 48872",SHIAWASSEE,360,71,28
,BIG RAPIDS MOBILE HOME COURT,"606 BJORNSON STREET, BIG RAPIDS, MI 49307",MECOSTA,137,100,34
,"HAVEN VIEW MOBILE HOME COURT, INC","18505 NORTHLAND DRIVE, BIG RAPIDS, MI 49307",MECOSTA,80,100,34
,RAVINE VIEW ESTATES MHC LLC,"5100 LITTLE PAW PAW LAKE ROAD, COLOMA, MI 49038",BERRIEN,160,39,20
,SELKIRK LAKE MOBILE HOME PARK,"780 127TH AVENUE, SHELBYVILLE, MI 49344",ALLEGAN,25,43,18
CANDLE WICK COURT,UMH SALES AND FINANCE INC,"1800 CANDLEWICK DRIVE, OWOSSO, MI 48867",SHIAWASSEE,211,71,28
TELA VALLEY MHC,GRANITE TELA VALLEY LLC,"17707 TELEGRAPH ROAD, ROMULUS, MI 48174",WAYNE,487,28,4
VACATION VILLAGE MOBILE HOME PARK,VACATION VILLAGE INC,"509 LAKE, ELK RAPIDS, MI 49629",ANTRIM,64,104,37
,SUNSET ESTATES OF GAYLORD LLC,"7345 MILL STREET, VANDERBILT, MI 49795",OTSEGO,20,105,36
,LAKEWOOD MOBILE HOME PARK LLC,"SANDS STREET AT RUSH STREET, PENTWATER, MI 49449",OCEANA,40,102,32
,"HYLANDER VALLEY, INC","271 N. EASTWOOD, HART, MI 49420",OCEANA,63,102,32
,"WATER WHEEL MOBILE HOME ESTATES, INC","316 WEST MICHIGAN AVENUE, CLINTON, MI 49236",LENAWEE,172,33,15
,"COACH LIGHT ESTATES, INC","650 W ADRIAN ST LOT 176, BLISSFIELD, MI 49228",LENAWEE,235,34,16
MALL MOBILE PARK,"CASTLE INSULATION, INC","20 NORTH TILDEN, PONTIAC, MI 48328",OAKLAND,41,53,23
,"SILVER SHORES MHC, LLC","1266 CARL ROAD, TRAVERSE CITY, MI 49684",GRAND TRAVERSE,200,104,37
,WARWICK VILLAGE MHP,"24600 JOY ROAD BLDG. #153, REDFORD, MI 48239",WAYNE,151,16,6
STRATFORD VILLA MOBILE HOME PARK,STRATFORD VILLA ASSOCIATES LTD,"3333 STRATFORD WAY, WIXOM, MI 48076",OAKLAND,409,49,23
WILLOW TREE VILLAGE,AMERICAN WILLOW TREE LIMITED PARTNERSHIP,"3840 N RIATA DRIVE, BAY CITY, MI 48706",BAY,78,96,35
COUNTRY ACRES MANUFACTURED HOME COMMUNITY,ASPEN COUNTRY PROJECT LLC,"300 KRISTY JO, CADILLAC, MI 49601",WEXFORD,182,101,36
,COUNTRY ESTATES OWNER LLC,"4461 CLYDE PARK SW, GRAND RAPIDS, MI 49509",KENT,160,83,29
MAPLE GROVE MOBILE HOME COMMUNITY,COSMONET LLC,"G-4493 FENTON ROAD, BURTON, MI 48529",GENESEE,101,70,27
,"NORTHERN ESTATES SOUTH, LLC","1340 POST ROAD, BELMONT, MI 49306",KENT,259,90,30
,LAPEER MEADOWS MHC LLC,"1265 FARNSWORTH RD, LAPEER MI 48446",LAPEER,230,67,26
WENONA BEACH ESTATES,WENONA LTD,"4444 NATIONAL AVENUE, BAY CITY, MI 48706",BAY,182,96,35
,"HOLIDAY VILLAGE OF SCOTTVILLE, INC","1701 W. U.S. 10, SCOTTVILLE, MI 49454",MASON,74,102,32
BARODA ESTATES,BARODA ESTATES LLC,"8836 STEVENSVILLE BARODA RD #7, BARODA, MI 49101",BERRIEN,152,37,17
YOUNGS TRAILER PARK,TIM HANDY,"521 E CHURCH ST, REED CITY MI 49677",OSCEOLA,17,100,34
EVART TRAILER COURT,FRANCISCO J CATALDO,"201 FAIR, EVART, MI 49631",OSCEOLA,20,100,34
,HOLIDAY MANOR PARK LLC,"5656 TRAILER PARK DR, JACKSON MI 49202",JACKSON,63,46,14
,PLYMOUTH HILLS MANUFACTURED HOME COMMUNITY LLC,"14201 RIDGE RD, PLYMOUTH MI 48170",WAYNE,635,23,13
TALLGRASS ESTATES,FR COLDWATER LLC,"260 EAST GARFIELD AVENUE, COLDWATER, MI 49036",BRANCH,239,35,17
HAMLIN MHC,"SUN POOL 12, LLC","5325 VAN ORDEN ROAD, WEBBERVILLE, MI 48892",INGHAM,230,73,22
,DAVISON EAST MI LLC,"11100 DAVISON RD, DAVISON MI 48423",GENESEE,190,68,26
BROADVIEW ESTATES,SUN CONTINENTAL NORTH LLC,"4250 NORTH STATE, DAVISON, MI 48423",GENESEE,474,67,26
CADILLAC LEISURE MOBILE HOME PARK,CADILLAC LEISURE PARTNERS LLC,"114 B STREET, CADILLAC, MI 49601",WEXFORD,98,101,36
NORTHERN COUNTRY ESTATES,NORTHERN COUNTRY ESTATES LLC,"1030 M-76, ALGER, MI 48610",ARENAC,40,99,36
TAMARAC VILLAGE,TAMARAC VILLAGE MOBILE HOME PARK LLC,"2875 NORTH LAKESHORE DRIVE, LUDINGTON, MI 49431",MASON,349,102,32
,HESS LAKE RV & MOBILE HOME PARK LLC,"825 EAST 88TH STREET, NEWAYGO, MI 49337",NEWAYGO,65,101,33
,"BRIGHTON VILLAGE ASSOCIATES, LLC","7500 GRAND RIVER, BRIGHTON, MI 48116",LIVINGSTON,196,48,22
,WOLF LAKE MOBILE HOME PARK INC,"3286 WOLF LAKE DRIVE, BALDWIN, MI 49304",LAKE,31,101,33
PARKWOOD GREEN VILLAGE,KCA VENTURES LLC,"630 SCHULTZ ROAD, SPARTA, MI 49345",KENT,108,90,33
ROCHESTER ESTATES,ROCHESTER ASSOCIATES,"700 W LEGRAND, ROCHESTER, MI 48063",OAKLAND,775,55,25
BELLE MOBILE VILLAGE,BELLE MOBILE VILLAGE LLC,"18100 ELWELL RD LOT 118, BELLEVILLE MI 48111",WAYNE,118,31,4
,COZY MOBILE HOME PARK ASSOCIATES LIMITED PARTNER,"1259 MC DEVITT, JACKSON, MI 49203",JACKSON,206,47,14
CEDAR SPRINGS MOBILE ESTATES,"CEDAR SPRINGS ASSOCIATES, LLC","400 SUSAN STREET, CEDAR SPRINGS, MI 49319",KENT,216,91,33
NORTHWOODS COMMUNITY,CONSTINE COMMUNITIES INC,"2100 NORTH HINTZ ROAD, OWOSSO, MI 48867",SHIAWASSEE,97,71,28
,WESTRIDGE MOBILE HOME PARK,"1515 RIDGE RD, YPSILANTI MI 48197",WASHTENAW,373,32,15
WESTPOINT MANOR,SUN SECURED FINANCING LLC,"41021 OLD MICHIGAN AVENUE, CANTON, MI 48188",WAYNE,270,25,5
,"VILLAGE WEST MOBILE HOME PARK, INC","8800 MARKET ST., PITTSFORD, MI 49271",HILLSDALE,14,35,16
BRENTWOOD ESTATES,BRENTWOOD ESTATES MHP LLC,"3376 OLD KAWKAWLIN ROAD, BAY CITY MI 48706",BAY,150,96,35
SUNSET MOBILE HOME PARK,SUNSET MOBILE HOME PARK LLC,"854 WEST SANILAC ROAD, SANDUSKY, MI 48471",SANILAC,105,98,25
,SHADY ACRES COMMUNITY LLC,"4396 132ND AVE, HAMILTON, MI 49419",ALLEGAN,59,43,20
,"HUBBARD LAKE ESTATES, INC","7298 HURBERT RD., HUBBARD LAKE, MI 49747",ALPENA,10,106,36
OSSINEKE VILLAGE COURT,"HUBBARD LAKE ESTATES, INC","BLOCK 1, OSSINEKE, MI 49766",ALPENA,12,106,36
,"CLUB MICHIHIGGI, INC","1236 COUNTY ROAD 200, HIGGINS LAKE, MI 48653",ROSCOMMON,20,105,36
HIGGINS LAKE HIDE-A-WAY MOBILE HOME PARK,EDWARDINE ELLIXSON,"6059 WEST HIGGINS LAKE DRIVE, HIGGINS LAKE, MI 48627",ROSCOMMON,25,105,36
,WAGON WHEEL ESTATES,"2750 W HIGGINS LAKE DR, ROSCOMMON MI 48653",ROSCOMMON,10,105,36
LEISURE ESTATES/VILLAGE MOBILE HOME COMMUNITY,HOLLAND LEISURE ASSOCIATES LTD,"523 BUTTERNUT DRIVE, HOLLAND, MI 49423",OTTAWA,438,86,31
,SANDPIPER ESTATES CO-OP INC,"6103 LAKESHORE #36, LEXINGTON, MI 48450",SANILAC,90,64,25
,"HAMBURG HILLS ESTATES, INC","7005 SHELDON RD, WHITMORE LAKE MI 48189",LIVINGSTON,152,48,22
,THE GREENBRIAR GROUP LLC,"1305 NORTH SPRING ST LOT 69, GLADWIN, MI 48624",GLADWIN,113,99,34
,DAVISON HILLS MHC LLC,"11067 E MT MORRIS RD, DAVISON MI 48423",GENESEE,104,67,26
LAKEVIEW ESTATES,FJPARKER LLC,"37111 MAIN STREET, NEW BALTIMORE, MI 48047",MACOMB,42,63,12
SLATERS MOBILE HOME PARK,W & J PROPERTIES INC,"732 JORDAN LAKE AVE, LAKE ODESSA, MI 48849",IONIA,20,78,18
PLEASANT VALLEY MOBILE HOME COMMUNITY,PLEASANT VALLEY S&W LLC,"16105 DOYLE ROAD, HEMLOCK, MI 48626",SAGINAW,159,93,26
,DENTON TOWNSHIP,"2832 S. GLADWIN ROAD, PRUDENVILLE, MI 48651",ROSCOMMON,59,105,36
LAFAYETTE PLACE,SUN LAFAYETTE PLACE LLC,"21155 WARNER, WARREN, MI 48091",MACOMB,254,14,3
LAKESHORE VILLAGE MOBILE HOME PARK,BENTLEY-RIVARD CO,"4061 LAKE SHORE DRIVE, GLADWIN, MI 48624",GLADWIN,47,99,34
LAKEFRONT ESTATES,LAKEVIEW VILLAGE MHC LLC,"385 W BROWN STREET, BEAVERTON, MI 48612",GLADWIN,68,95,34
,"SHADY SHORES ASSOCIATION, LTD","2965 PATTERSON ROAD R#3, WAYLAND, MI 49348",BARRY,117,43,18
,JUDYS MOBILE HOME COURT,"18891 U.S. 12 WEST, NEW BUFFALO, MI 49117",BERRIEN,27,38,17
MOBILE MANOR TRAILER PARK,"R & R PROPERTIES, INC","600 SUMPTER ROAD, BELLEVILLE, MI 48111",WAYNE,97,31,4
WOODHAVEN PLACE ESTATES MANUFACTURED HOME COMMUN,"SUN SECURED FINANCING, LLC","23501 VAN HORN RD, WOODHAVEN, MI 48183",WAYNE,220,28,4
RICHMOND PLACE ESTATES MANUFACTURED HOME COMMUNI,SUN RICHMOND LLC,"36401 DIVISION ROAD, RICHMOND, MI 48062",MACOMB,117,65,25
ST CLAIR PLACE ESTATES MANUFACTURED HOME COMMUN,"SUN POOL 3, LLC","2700 COX, ST. CLAIR, MI 48079",ST CLAIR,100,64,25
TOWN & COUNTRY MOBILE HOME PARK,"TOWN AND COUNTRY, LLC","2653 VANYEA ROAD, CHEBOYGAN, MI 49721",CHEBOYGAN,39,106,37
,"EVERGREEN PARK OF KALAMAZOO, INC","182 EAST D AVENUE, KALAMAZOO, MI 49004",KALAMAZOO,76,42,19
,ROYAL VILLAGE TRAILER COURT,"28261 VAN BORN RD, ROMULUS MI 48174",WAYNE,208,26,4
HARRISON ESTATES,GEORGE BERGEVIN,"2600 MOSTETLER ROAD, HARRISON, MI 48625",CLARE,50,100,34
,RUBYS TRAILER PARK,"10600 S CLARE AVE, CLARE MI 48617",CLARE,14,100,34
,LAMANS LANDING RESORT INC,"6100 BEAUNE RD., LUDINGTON, MI 49431",MASON,32,102,32
SPRING LAKE,"SPRING LAKE, LIMITED","604 W JOHN BEERS ROAD, STEVENSVILLE, MI 49127",BERRIEN,389,38,20
,MEADOW LANE ESTATES LIMITED PARTNERSHIP,"401 SOUTH ST. JOHNS STREET, ITHACA, MI 48847",GRATIOT,128,92,34
,"HARBOR SPRINGS ESTATES, LLC","629 EAST LAKE ROAD, HARBOR SPRINGS, MI 49740",EMMET,68,107,37
SOUTHWOOD VILLAGE,SOUTHWOOD VILLAGE MOBILE HOME PARK LLC,"440 60TH ST SE, GRAND RAPIDS MI 49548",KENT,394,79,20
PINEBROOK VILLAGE,PINEBROOK VILLAGE MOBILE HOME PARK LLC,"444 BELLEWOOD, SE, GRAND RAPIDS, MI 49508",KENT,185,80,29
FAIRLAWN MEADOWS,THOMAS W LASHBROOK,"1701 FAIRLAWN, HOWELL, MI 48843",LIVINGSTON,48,50,22
INDIAN VILLAGE MOBILE HOME PARK I,IVP LLP,"2600 E SOUTH ST, JACKSON MI 49201",JACKSON,300,46,14
BAY SHORE ESTATES MOBILE HOME PARK,DARLING FAMILY TRUST-EMMET,"7463 OLD US 31 HIGHWAY, PETOSKEY, MI 49770",EMMET,83,107,37
LAKEVIEW VILLAGE MOBILE HOME PARK,NORTHERN PROPERTIES MOBILE HOME PARK LLC,"526 NORTH LAKE STREET, BOYNE CITY, MI 49712",CHARLEVOIX,171,107,37
,"ROUND LAKE RESORT, INC","11043 11 MILE RD, MECOSTA, MI 49332",MECOSTA,8,100,34
,MAPLE ISLAND ESTATES,"7321 WHITE RD LOT 74, MUSKEGON, MI 49442",MUSKEGON,128,89,32
,PLEASANT BEACH MOBILE HOME RESORT LLC,"4991 WIXOM ROAD, BEAVERTON, MI 48612",GLADWIN,68,95,34
,WHITE BIRCH ESTATES,"411 DAILEY DRIVE, REED CITY, MI 49677",OSCEOLA,49,100,34
WOODS & FIELDS COMMUNITIES WEST,CONSTINE COMMUNITIES INC,"2627 WEST M-21, OWOSSO, MI 48867",SHIAWASSEE,72,71,28
HURON ESTATES MOBILE HOME COMMUNITY,HURON ESTATES LIMITED PARTNERSHIP,"22000 INKSTER ROAD, ROMULUS, MI 48174",WAYNE,807,29,4
KEY MOBILE HOME COURT,KEY MOBILE HOME COURT LLC,"221 LAKEVIEW DR, GLADWIN, MI 48624",GLADWIN,32,99,34
,VAN ETTAN VILLAGE MOBILE HOME PARK,"4385 VAN ETTAN DAM RD, OSCODA MI 48750",IOSCO,32,99,36
,SALINE MEADOWS LLC,"6564 EAST MICHIGAN AVENUE, SALINE, MI 48175",WASHTENAW,148,33,15
,LAKE MICHIGAN HEIGHTS LLC,"7400 MICHIGAN HEIGHTS DR, CHARLEVOIX, MI 49720",CHARLEVOIX,108,107,37
EAST VILLAGE ESTATES,SR EAST LLC,"57400 BEDFORD BLVD, WASHINGTON MI 48034",MACOMB,708,66,24
,"EAST JORDAN MOBILE HOME PARK, INC","705 STATE ST, EAST JORDAN, MI 49727",CHARLEVOIX,70,107,37
SHADY REST MHP,CAROL INVESTMENT CORP,"3618 EAST SHOD, BAY CITY, MI 48706",BAY,129,96,35
HILLVIEW MOBILE ESTATES,HILLVIEW ESTATES LLC,"6545 E CENTER ST, COLOMA MI 49038",BERRIEN,88,39,20
,TALLMADGE MEADOWS MHC LLC,"011630 14TH AVE, GRAND RAPIDS MI 49544",OTTAWA,107,89,30
,THREE OAKS MOBILE ESTATES,"13380 M-60, CONCORD, MI 49237",JACKSON,82,45,17
MARBLE LAKE RESORT & MARINA,LMCO INC,"960 WILDWOOD ROAD, QUINCY, MI 49082",BRANCH,29,35,17
,ROBERT C BOSSMAN,"GARNER DRIVE, IMLAY CITY, MI 48444",LAPEER,12,65,26
NOVI MEADOWS MOBILE HOME PARK,NOVI MH ASSOCIATES LTD,"26250 VIRGINIA AVENUE, NOVI, MI 48374",OAKLAND,401,21,13
KING ARTHURS COURT,KING ARTHUR MOBILE ASSOC LTD PARTNERSHIP,"2201 EAST STATE ROAD, LANSING, MI 48906",CLINTON,425,77,28
PEBBLE CREEK MHP,CAROL INVESTMENT CORP,"1150 ROGER CT, REESE MI 48757",TUSCOLA,101,97,26
BROOKSHIRE MEADOWS,"BROOKSHIRE MEADOWS EAST, INC","7635 QUAIL RUN, GRAND RAPIDS, MI 49508",KENT,303,79,20
DUTTON MILL VILLAGE,DUTTON MILL VILLAGE LLC,"6720 WEST MILL RUN, CALEDONIA, MI 49316",KENT,307,79,20
WHISPERING PINES MOBILE HOME PARK,"WHISPERING PINES PROPERTY MANAGEMENT, LLC","9397 ALPINE AVENUE, SPARTA, MI 49345",KENT,50,90,33
RUDGATE CLINTON MOBILE HOME PARK,RUDGATE CLINTON COMPANY LTD,"20475 FOSTER DR, CLINTON TOWNSHIP MI 48036",MACOMB,667,61,11
BROOKSIDE MOBILE HOME PARK,RONALD G RAY,"7875 GARLOCK RD, CARSON CITY, MI 48811",MONTCALM,14,93,33
RIVER HAVEN,"RIVER HAVEN OPERATING COMPANY, LLC","14546 MERCURY DRIVE, GRAND HAVEN, MI 49417",OTTAWA,721,88,31
,WESTLAND MEADOWS MI LLC,"30600 VAN BORN RD, WESTLAND MI 48186",WAYNE,772,26,5
,TUDOR ESTATES MI LLC,"1330 E MAPLE, FLINT, MI 48507",GENESEE,302,72,27
SANDHILL ESTATES,SANDHILL INC,"4063 BOWERS RD, ATTICA, MI 48412",LAPEER,50,65,26
SCIO FARMS,SUN SCIO FARMS LLC,"6655 JACKSON RD, ANN ARBOR MI 48103",WASHTENAW,913,47,14
,SUNRISE COMMUNITY LLC,"5690 HARRIS ROAD, JEDDO, MI 48032",ST CLAIR,48,64,25
NORTHFIELD ESTATES,"NORTHFIELD ESTATES MHC, LLC","855 W EIGHT MILE RD, WHITMORE LAKE, MI 48189",WASHTENAW,648,48,14
EVERGREEN VILLAGE MHP,HESPERIA MHP LLC,"146 N SMITH, HESPERIA, MI 49421",NEWAYGO,99,101,33
SHEFFIELD ESTATES MHP,"SHEFFIELD MHP, LLC","165 OPDYKE, AUBURN HILLS, MI 48057",OAKLAND,228,54,7
,TORREY HILLS MI LLC,"5406 TORREY RD, FLINT, MI 48057",GENESEE,377,71,27
PARK PLACE COMMUNITY,"LARKHITE DEVELOPMENT SYSTEMS, INC","200 EUREKA ST, CLIO, MI 48420",GENESEE,160,69,26
FISHERMANS COVE MANUFACTURED HOUSING COMMUNITY,SUN FISHERMANS COVE LLC,"4441 JENA LANE, FLINT, MI 48507",GENESEE,162,70,27
,SHIAWASSEE SHORES RETIREMENT PARK INC,"1515 ROLSTON RD, LINDEN, MI 48451",GENESEE,280,72,22
SCOTSDALE ESTATES,SCOTSDALE ASSOCIATES LLC,"3382 ALMA DRIVE, ALMA, MI 48801",GRATIOT,189,92,34
CEDAR RIDGE MANUFACTURED HOUSING COMMUNITY,CDB PROPERTIES,"5000 13TH STREET, MENOMINEE, MI 49858",MENOMINEE,76,108,38
HOLIDAY WEST VILLAGE,HOLIDAY WEST VILLAGE MOBILE HOME PARK LLC,"3611 BUTTERNUT DRIVE, HOLLAND, MI 49423",OTTAWA,341,86,31
ARBOR MEADOWS MOBILE HOME COMMUNITY,ARBOR MEADOWS ASSOCIATES LTD,"5229 W MICHIGAN, YPSILANTI, MI 48197",WASHTENAW,409,32,15
COUNTRY MEADOWS MANUFACTURED HOME COMMUNITY,SUN SECURED FINANCING LLC,"3211 WILL CARLETON, FLAT ROCK, MI 48134",WAYNE,577,29,4
,"CADGEWITH FARMS, LTD","2300 EAST STATE ROAD, LANSING, MI 48906",CLINTON,228,77,28
,DEERFIELD ESTATES,"26211 TELEGRAPH ROAD, FLAT ROCK, MI 48134",WAYNE,821,28,4
ACADEMY POINT,SUN SECURED FINANCING LLC,"41021 OLD MICHIGAN AVE., CANTON, MI 48188",WAYNE,171,25,5
WELLINGTON ESTATES MHC,GRANITE WELLINGTON ESTATES LLC,"16031 BEECH DALY RD, TAYLOR MI 48180",WAYNE,404,28,4
OAK ISLAND VILLAGE MOBILE HOME PARK,OAK ISLAND VILLAGE MOBILE HOME PARK LLC,"16430 PARK LK RD, EAST LANSING MI 48823",CLINTON,250,75,28
COMMERCE MEADOWS MANUFACTURED HOME COMMUNITY,COMMERCE MEADOWS LTD,"2400 MEADOWS CIRCLE, WIXOM, MI 48096",OAKLAND,602,51,23
ROLLING HILLS MOBILE HOME COMMUNITY,ROLLING HILLS MANAGEMENT CORPORATION,"300 MORGAN RD, BATTLE CREEK MI 49017",CALHOUN,363,44,18
MAPLE VALLEY OF ZEELAND,MAPLE PARKS LLC,"1901 88TH AVENUE, ZEELAND, MI 49464",OTTAWA,161,85,31
WINDSOR WOODS VILLAGE,WINDSOR WOODS VILLAGE MOBILE HOME PARK LLC,"1135 SUPERIOR STREET, WAYLAND, MI 49348",ALLEGAN,314,43,18
OAK BROOK ESTATES,DON MASTENBROOK,"7200 LOVERS LANE, PORTAGE, MI 49081",KALAMAZOO,129,40,19
,AMERICAN PRESIDENTIAL ESTATES,"6300 WEST ADAMS, BELLEVILLE, MI 48111",WAYNE,173,31,4
,GRANDSHIRE ESTATES,"851 WILLOW ST, FOWLERVILLE, MI 48836",LIVINGSTON,151,50,22
,WYNGATE FARMS MOBILE HOME PARK,"5560 AL SABO DRIVE, KALAMAZOO, MI 49009",KALAMAZOO,333,40,19
BIRCHWOOD ESTATES,"PORT BUILDERS, INC","4335 24TH AVE, FORT GRATIOT, MI 48059",ST CLAIR,195,64,25
,ORCHARD HILLS VILLAGE MOBILE HOME PARK,"2400 56TH STREET, FENNVILLE, MI 49408",ALLEGAN,167,43,20
,"EGELCRAFT, LLC","2035 EAST IRONWOOD COURT, MUSKEGON, MI 49442",MUSKEGON,462,89,32
PHEASANT RIDGE,"PHEASANT RIDGE ESTATES, INC","364 MEADOW LANE, CADILLAC, MI 49601",WEXFORD,196,101,36
KENSINGTON MEADOWS,"SUN SECURED FINANCING, LLC","4245 WEST JOLLY ROAD, LANSING, MI 48911",EATON,290,76,21
NORTHERN ESTATES - NORTH,NORTHERN ESTATES NORTH LLC,"1569 BEAVER CREEK DRIVE, BELMONT, MI 49306",KENT,292,90,30
,CHERRYWOOD VILLAGE FARMS,"2451 M-113 EAST, KINGSLEY MI 49649",GRAND TRAVERSE,193,104,37
BROOKSIDE VILLAGE,BROOKSIDE VILLAGE MOBILE HOME PARK LLC,"3130 SLATER AVENUE, GRAND RAPIDS, MI 49512",KENT,196,80,29
WARREN DUNES VILLAGE,WARREN DUNES VILLAGE MHP LLC,"11159 RED ARROW HWY., BRIDGMAN, MI 49106",BERRIEN,316,38,17
MEADOW LAKE ESTATES MANUFACTURED HOUSING COMMUNI,SUN SECURED FINANCING LLC,"3951 BENTWOOD CIRCLE WEST, WHITE LAKE MI 48383",OAKLAND,425,51,23
FOUNTAIN SPRINGS,YES COMPANIES KEY LLC,"1410 SOUTH 9TH ST, KALAMAZOO, MI 49009",KALAMAZOO,328,40,19
CIDER MILL VILLAGE,CIDER MILL VILLAGE MOBILE HOME PARK LLC,"425 CIDER MILL DRIVE, MIDDLEVILLE, MI 49333",BARRY,258,79,18
,MAPLEVIEW ESTATES COMMUNITY INC,"7197 SILVER MAPLE LN, BROWN CITY, MI 48416",SANILAC,124,98,25
,MEADOWS MOBILE HOME PARK AND SALES LLC,"1563 LANSING RD., CHARLOTTE, MI 48813",EATON,128,76,21
OAK BLUFF ESTATES MOBILE HOME PARK,"OAK BLUFF, INC","2722 S. HILL RD., GLADSTONE, MI 49837",DELTA,177,108,38
NORTH WAYNE ESTATES,WILLIAM H GIBSON,"27130 CORWIN ST., DOWAGIAC, MI 49047",CASS,10,37,17
,"ASPEN VILLAGE, LLC","32 EAST END DRIVE, GAYLORD, MI 49735",OTSEGO,225,105,36
WOODS & FIELDS COMMUNITIES EAST,CONSTINE COMMUNITIES INC,"2450 KROUSE ROAD, OWOSSO, MI 48867",SHIAWASSEE,323,71,28
,NESENS COUNTRYSIDE INC,"600 CHEESMAN RD., ST. LOUIS, MI 48880",GRATIOT,77,92,34
"BROOKSHIRE MEADOWS WEST, INC",DAVID W MAIER,"1501 PORT SHELDON RD., JENISON, MI 49428",OTTAWA,93,85,31
WAVERLY SHORES VILLAGE,WAVERLY SHORES VILLAGE MOBILE HOME PARK LLC,"11777 RILEY, HOLLAND, MI 49423",OTTAWA,417,86,31
,TIMBER HEIGHTS MICHIGAN LLC,"1168 NORTH OAK ROAD, DAVISON, MI 48423",GENESEE,221,68,26
WEST VILLAGE ESTATES,SR WEST LLC,"7040 SHAWNEE, ROMULUS, MI 48174",WAYNE,629,26,4
,"WILLIAMSTON LAKES, LLC","2300 E. GRAND RIVER, WILLIAMSTON, MI 48895",INGHAM,75,73,28
,"NORTHPOINTE SHORES, LLC","10431 DIXIE HWY., FAIR HAVEN, MI 48023",ST CLAIR,12,63,12
WEST PINE ISLAND,DERBY BROTHERS COMPANY,"3534 PINEWOOD TRAIL, HOLTON, MI 49425",MUSKEGON,30,102,32
MILL RACE SHORES MHC,MILL RACE PARTNERS LLC,"563 ALLEN RD., MILAN, MI 48160",MONROE,97,31,15
HURON BAY RESORT,LAKE HURON PROPERTIES LLC,"2545 LAKE SHORE RD LOT 52, APPLEGATE MI 48401",SANILAC,66,98,25
,DEERFIELD MI LLC,"82 DEERFIELD PL, NORTH BRANCH MI 48461",LAPEER,123,98,26
LOGAN ESTATES,"HERTEL LAND COMPANY, LC","8697 RILEY STREET, ZEELAND, MI 49464",OTTAWA,378,85,31
,COVENTRY WOODS,"7243 SHELDON RD, HAMBURG TOWNSHIP MI 48189",LIVINGSTON,195,48,22
,RIVERVIEW ESTATES & MINI STORAGE LLC,"13012 U.S. 23 SOUTH, OSSINEKE, MI 49766",ALPENA,14,106,36
,FALCONVIEW ESTATES LLC,"9645 MEADOWLARK CR, FREELAND, MI 48623",SAGINAW,179,97,35
,CENTENNIAL FARMS MI LLC,"1065 PEACH BLOSSOM CIRCLE, BURTON, MI 48509",GENESEE,390,68,26
DUNDEE MEADOWS,"ACO DEVELOPMENT, INC","630 RAWSON, DUNDEE, MI 48131",MONROE,80,31,16
,"FREMONT COUNTRY VIEW ESTATES, INC","401 MARKET STREET, FREMONT, MI 49412",NEWAYGO,134,101,33
OLD OAK TRAILS ESTATES MOBILE HOME PARK,CLINTON MOBILE HOME PARK LTD LLC,"1661 N OLD OAK TR, SANFORD, MI 48657",MIDLAND,215,95,35
"PINE RIDGE COMMUNITY, INC",JAMES D SLAGH,"4629  134TH AVENUE, HAMILTON, MI 49419",ALLEGAN,49,43,20
WINDHAM HILLS,"SUN SECURED FINANCING, LLC","4020 COUNTY FARM ROAD, BLACKMAN TOWNSHIP, MI 49201",JACKSON,469,46,14
SILVER SPRINGS,RUDGATE SILVER SPRINGS LLC,"43600 PARK DRIVE WEST, CLINTON TOWNSHIP, MI 48036",MACOMB,547,61,12
COUNTRY MEADOWS VILLAGE,COUNTRY MEADOWS VILLAGE MOBILE HOME PARK LLC,"5401  76TH STREET, CALEDONIA MI 49316",KENT,395,79,18
SILVERBROOK MANUFACTURED HOUSING COMMUNITY,"MODULAR DEVELOPMENT, INC","2300 EAST MAIN STREET, NILES, MI 49120",BERRIEN,176,37,17
BROOKHAVEN MHP,WILLIAMSON HOLDING INC,"622 DIVISION, NEWAYGO, MI 49337",NEWAYGO,178,101,33
VICTORIA MEADOWS HOME COMMUNITY,HUNTER DEVELOPMENT CORP,"N. MILL ST., DRYDEN, MI 48428",LAPEER,130,65,24
SUNSET SHORES,"SUNSET SHORES ESTATES, LC","10406 PIERCE ROAD, STANWOOD, MI 49346",MECOSTA,80,100,34
,FENTON OAKS LLC,"16423 JENNINGS ROAD, FENTON, MI 48430",GENESEE,203,72,22
HARTLAND MEADOWS,HARTLAND MEADOWS LTD,"13643 WEST HIGHLAND ROAD, HARTLAND, MI 483533128",LIVINGSTON,617,50,22
CREEKWOOD MEADOWS,SUN/YORK LLC,"4272 CREEKSIDE BOULEVARD, BURTON, MI 48429",GENESEE,336,68,27
COUNTRY HILLS VILLAGE,COUNTRY HILLS VILLAGE MOBILE HOME PARK LLC,"2200 RILEY STREET, JAMESTOWN, MI 49427",OTTAWA,239,43,31
CEDARFIELD COMMUNITY,"CEDARFIELD, INC","3592  17 MILE ROAD, CEDAR SPRINGS, MI 49501",KENT,197,91,33
,NORTH HURON MHC,"33151 FORT RD, ROCKWOOD, MI 48173",WAYNE,96,28,4
,CROSSINGS AT BROADWAY MP LLC,"5402 EAST BROADWAY, MT. PLEASANT, MI 48858",ISABELLA,225,92,34
WEATHERSTONE VILLAGE COMMUNITY,TERRICK INC,"5210 MARSH ARBOR TRAIL, KALAMAZOO MI 49004",KALAMAZOO,101,42,19
NORTHVILLE CROSSING,SUN NORTHVILLE CROSSING LLC,"9800 BLOOMSBURY CIRCLE, NORTHVILLE, MI 48167",WASHTENAW,756,23,14
ELIZABETH WOODS MANUFACTURED HOUSING COMMUNITY,R E FUND NEWPORT LLC,"1250 PAREE STREET, NEWPORT, MI 48166",MONROE,393,28,16
,MAPLE RUN MHC LLC,"2000 MAPLE RUN BLVD., CLIO, MI 48420",GENESEE,145,97,26
MORRICE MEADOWS,SCOTSDALE ASSOCIATES LLC,"328 N. HIDDEN RIDGE RD., MORRICE, MI 48857",SHIAWASSEE,103,71,28
,LAKES MHP LLC,"5901 LAPEER ROAD, KIMBALL MI 48074",ST CLAIR,313,64,25
SADDLEBROOK FARMS,"CCG DEVELOPMENT, LLC","5053 SOUTH 4TH STREET, KALAMAZOO, MI 49009",KALAMAZOO,147,40,19
,HIDDEN FOREST MHP LLC,"3626 W. HIDDEN FOREST DRIVE, LUDINGTON, MI 49431",MASON,119,102,32
WOODCREEK OF TRAVERSE CITY,"WOODCREEK ASSOCIATES, LLC","501 WOODCREEK BLVD., TRAVERSE CITY, MI 49686",GRAND TRAVERSE,224,103,37
MARSHALLS CROSSING,TRIDENT-MONTROSE LLC,"12050 TRIDENT BLVD., MONTROSE, MI 48457",GENESEE,195,97,26
WALTON RIDGE MOBILE HOME COMMUNITY,WALTON DEVELOPMENT CO LLC,"1360 FOXRUN CT., PONTIAC, MI 48340",OAKLAND,155,53,7
,PINE LAKE INVESTORS LLC,"110 PINE LAKE DRIVE, LAPEER, MI 48446",LAPEER,249,67,26
,BURKHART RIDGE LLC,"1011 RIVER LINE DRIVE, HOWELL TOWNSHIP, MI 48843",LIVINGSTON,498,50,22
MAPLE LEAF COMMUNITY,CONSTINE COMMUNITIES INC,"8701 E. M-21, OVID, MI 48866",CLINTON,76,75,28
MINNESOTA LAKE,"HIDDEN LAKE DEVELOPMENT COMPANY, INC","1219 MINNESOTA ROAD, PORT HURON, MI 48060",ST CLAIR,161,64,25
,"NEWPORT FARMS MHC, LLC","2447 NEWPORT ROAD, NEWPORT, MI 48166",MONROE,513,28,16
,"RIDGEWOOD, LLC","3331 STONEYBROOK DRIVE, HIGHLAND TOWNSHIP, MI 48380",OAKLAND,455,51,23
WHISPERING VALLEY ESTATES,WHISPERING VALLEY INC,"8410 U.S. 2, RAPID RIVER MI 49878",DELTA,14,108,38
,MARYSVILLE FARMS LLC,"236 SYCAMORE CT, PORT HURON, MI 48060",ST CLAIR,184,64,25
HUNTERS CROSSING,SR HUNTERS CROSSING LLC,"150 HUNTERS CROSSING BLVD., CAPAC, MI 48014",ST CLAIR,114,65,25
CASEVILLE RESORT & MARINA,KAPPEN SPECIALTY SERVICES LLC,"6545 RIVERSIDE DRIVE, CASEVILLE, MI 48725",HURON,40,98,25
BOULDER RIDGE OF ALLENDALE,BOULDER RIDGE PARTNERS LLC,"4730 PINEGREE STREET, ALLENDALE, MI 49401",OTTAWA,196,89,30
DOVER FARMS,DOVER FARMS LLC,"1590 DOVER DRIVE, MARTIN, MI 49070",ALLEGAN,96,43,18
CAPITOL HILLS,"CAPITOL HILLS, LLC","6300 W. ADAMS, BELLEVILLE, MI 48111",WAYNE,330,31,4
TYRONE WOODS,"TYRONE WOODS MHC 1, LLC","8378 HOGAN ROAD, FENTON, MI 48430",LIVINGSTON,403,72,22
AUGUSTA WOODS,AUGUSTA WOODS COMMUNITY LLC,"8330 N BROOKSTON, WILLIS, MI 48191",WASHTENAW,484,31,15
MARATHON MEADOWS,OREGON DEVELOPMENT INC,"4246 LEVALLEY RD., COLUMBIAVILLE, MI 48421",LAPEER,47,67,26
,"DEPOT, THE","M-81, CARO, MI 48723",TUSCOLA,14,97,25
FALCON POINTE,FP INVESTORS LLC,"555 QUARTERHORSE RD., EAST LANSING, MI 48823",CLINTON,18,75,28
ORCHARDS MANUFACTURED HOME COMMUNITY,ORCHARDS MHC INC,"3600 TOWNSQUARE BLVD, CARLETON, MI 48117",MONROE,394,29,16
BIRCH GROVE MANUFACTURED HOME SUBDIVISION,MICHAEL A LAHTI,"400 ELEVATION STREET, HANCOCK, MI 49930",HOUGHTON,31,110,38
SUNSET RIDGE MANUFACTURED HOME COMMUNITY,SUN COMMUNITIES FUNDING II LLC,"7204 E. GRAND RIVER AVENUE, PORTLAND TWP., MI 48875",IONIA,388,78,33
BIRCHWOOD FARMS MHC,UMH OF MICHIGAN INC,"8057 BIRCHWOOD DRIVE, BIRCH RUN, MI 48415",SAGINAW,143,97,26
,LINCOLN PINES RESORT INC,"13033 19 MILE RD, GOWEN, MI 49326",KENT,156,91,33
,FARMINGTON HILLS MOBILE MANOR LLC,"30030 W 8 MILE RD, FARMINGTON HILLS MI 48336",OAKLAND,65,18,6
BIRCHWOOD ESTATES WEST,"KEEWAHDIN ENTERPRISES, LLC","3211 KEEWAHDIN ROAD, FORT GRATIOT, MI 48059",ST CLAIR,145,64,25
,RICHLAND MOBILE HOME PARK,"9604 M-89, RICHLAND, MI 49083",KALAMAZOO,45,42,19
WATERS EDGE MANUFACTURED HOME COMMUNITY,LEE VILLA ESTATES LLC,"15709 WATERS EDGE, MANITOU BEACH, MI 49253",LENAWEE,72,34,16
WHISPERING WOODS MHC,HENRY ZIELINSKI LIVING TRUST,"4263 BISSIONETTE RD., OSCODA, MI 48750",IOSCO,34,99,36
,NORTHERN PINES MOBILE HOME PARK,"2721 SOUTH DR, HALE, MI 48739",IOSCO,30,99,36
MEADOWLANDS,SUN MEADOWLANDS GIBRALTAR LLC,"17305 VALENCIA DR, GIBRALTAR, MI 48173",WAYNE,321,27,4
EDGEWOOD ESTATES,DAGENAIS REAL ESTATE INC,"1620 WILLOW CREEK ROAD, ESCANABA, MI 49829",DELTA,76,108,38
,FAIRFIELD MANOR LLC,"1016 PARKSIDE BLVD., BAY CITY, MI 48706",BAY,137,96,35
LITTLE GEM TRAILER PARK,AB & CC INVESTMENTS LLC,"1678-1694 N 10TH ST, MARTIN MI 49070",ALLEGAN,14,42,18
MYRTLE GROVE MOBILE HOME PARK OF FLINT,GREEN GIN LLC,"3073 W. DAYTON, FLINT, MI 48504",GENESEE,99,69,27
,BIRCH RUN ESTATES LLC,"10670 DIXIE HWY., BIRCH RUN, MI 48415",SAGINAW,50,97,26
,CLIMAX COUNTRY ESTATES,"14344 E. ON AVENUE, CLIMAX, MI 49034",KALAMAZOO,32,45,18
PORT OF CALL,DRI LLC,"4125 DOVE ROAD, PORT HURON, MI 48060",ST CLAIR,146,64,25
BIRCH FOREST,"MAPLE DORT ASSOCIATES, LLC","37 SQUIRREL RD., BIRCH RUN, MI 48415",SAGINAW,103,97,26
VALLEY MEADOW VILLAGE,VALLEY MEADOWS LLC,"G-4152 CORUNNA RD., FLINT, MI 48532",GENESEE,84,69,27
SCHMID FARM ESTATES,FREDERICK W SCHMID JR,"5540 N. STATE, ORLEANS, MI 48865",IONIA,14,78,33
,R & L RENTAL HOUSING,"4850 S. HURON, STANDISH, MI 48658",ARENAC,3,99,36
,THOMAS CROSSINGS LLC,"1723 CRANBERRY LAKE CIRCLE, SAGINAW, MI 48609",SAGINAW,43,93,26
FOREST LAKE MHC,MICHIGAN MHC INC,"17147 148TH AVENUE, SPRING LAKE, MI 49456",OTTAWA,221,88,31
HARBOR VILLAGE COMMUNITY,"PJG PROPERTIES, LLC","1208 ELM STREET, FRANKFORT, MI 49635",BENZIE,21,104,32
,"EVERGREEN VILLAGE MHC, LLC","11 EVERGREEN DRIVE, ST LOUIS, MI 48880",GRATIOT,183,92,34
,MT MORRIS HIGHLANDS LLC,"2197 E MT MORRIS RD, MT MO 48458",GENESEE,685,67,26
,PINE RIVER RIDGE LLC,"25 PINE RIDGE, LAPEER, MI 48446",LAPEER,215,67,26
,MAPLE GROVE MANUFACTURED HOME COMMUNITY INC,"401 KUIPERS DR, MIDLAND MI 48642",MIDLAND,140,95,35
CIDER MILL CROSSINGS,SUN CIDER MILL CROSSINGS LLC,"9900 TOWN SQ BLVD, FENTON MI 48430",LIVINGSTON,621,72,22
,LAKEVIEW MOBILE PARK LLC,"401 HOWARD AVE, HOLLAND MI 49424",OTTAWA,38,86,31
,STOCKS CREEK MI LLC,"3730 LAPEER RD, PORT HURON MI 48060",ST CLAIR,148,64,25
,COUNTRY ESTATES MI LLC,"58220 W EIGHT MILE RD, NORTHVILLE MI 48167",OAKLAND,336,21,6
,THE OAKS OF ROCKFORD MHC LLC,"11640 TOWNSQUARE BLVD, ROCKFORD MI 49341",KENT,423,90,33
SOMERSET MEADOWS MHC,TLP SOMERSET MEADOWS PROPERTY LLC,"5655 BLUERIDGE AVE, KIMBALL MI 48074",ST CLAIR,162,64,25
CAMELOT MANOR MHC,FSI CAMELOT MANOR PROPERTY LLC,"6263 DIVISION AVE S, GRAND RAPIDS MI 49508",KENT,335,83,20
,LINCOLN ESTATES MOBILE HOME PARK LLC,"2951 HIGGINSON, HARRISVILLE MI 49740",ALCONA,21,106,36
,MARYSVILLE VILLA ESTATES MHC,"3333 RAVENSWOOD, MARYSVILLE MI 48040",ST CLAIR,232,64,25
HERITAGE HILLS MOBILE HOME ESTATES,BLACK SWAMP LAND COMPANY,"3677 SOUTH PERE MARQUETTE HWY., LUDINGTON, MI 49431",MASON,30,102,32
,LAKESHORE CY LLC,"6458 S DIXIE HWY, ERIE MI 48133",MONROE,20,30,16
EAGLE POINTE CREEK,EAGLE POINTE PARK LLC,"4385 S ELM ROAD, SWARTZ CREEK MI 48473",GENESEE,180,69,27
CRESTVIEW RV & TRAILER PARK OF N.S.,"UNLIKELY 3, LLC","3290 S GETTY STREET, NORTON SHORES MI 49444",MUSKEGON,41,87,32
,"MONA LAKE MHP, LLC","3527 HOYT STREET, MUSKEGON HEIGHTS MI 48444",MUSKEGON,73,87,32
PONDVIEW ESTATES,CONNELL & SINAGOGA INC,"621 N WALNUT STREET, GREENVILLE MI 48838",MONTCALM,118,91,33
,TINY VILLAGE MHP LLC,"4624 S HURON RIVER DRIVE, FLAT ROCK MI 48134",MONROE,22,28,16
,THORNAPPLE LAKE MHC LLC,"6335 THORNAPPLE LAKE RD, NASHVILLE MI 49073",BARRY,215,78,18
SHADY GROVE VILLAGE,JASON ADAMS,"4128 MICHIGAN AVE., ONAWAY MI 49765",PRESQUE ISLE,21,106,36
VILLAGE TRAILS,"VILLAGE TRAILS (MI) MHC, LLC","518 HICKORY LANE, HOWARD CITY MI 49329",MONTCALM,100,91,33
COLLEGE PARK ESTATES,"COLLEGE PARK ESTATES (MI) MHC, LLC","51074 MOTT ROAD, #243, CANTON MI 48188",WAYNE,230,24,5
SHERMAN OAKS,SHERMAN OAKS (MI) MHC LLC,"1144 SHERMAN BLVD, JACKSON MI 49201",JACKSON,366,45,14
,MAPLE LEAF GARDENS SOUTH MHC LLC,"51000 MICHIGAN AVENUE, BELLEVILLE MI 48111",WAYNE,147,31,4
,MAPLE LEAF GARDENS NORTH MHC LLC,"51000 MOTT RD, CANTON MI 48188",WAYNE,230,24,5
,OAK HAVEN MHC LLC,"14401 N RIDGE ROAD, PLYMOUTH MI 48170",WAYNE,141,23,13
POTTER MOBILE HOME PARK,COSMONET-POTTER LLC,"4470 9TH ST, ECORSE MI 48229",WAYNE,42,2,1
PELHAM MOBILE HOME PARK,COSMONET-PELHAM LLC,"4128 PELHAM ST, DEARBORN HEIGHTS MI 48125",WAYNE,67,15,2
WOODVIEW MOBILE HOME VILLAGE,COSMONET-WOODVIEW LLC,"6988 READY ST, WARREN MI 48091",MACOMB,92,58,10
,SALINE MOBILE HOME PARK LLC,"475 N MAPLE, SALINE MI 48176",WASHTENAW,81,33,15
,SUN KIMBERLY ESTATES LLC,"7769 KIMBERLY DRIVE, NEWPORT MI 48166",MONROE,388,29,16
BRANDYMORE PINES MHC,BRANDYMORE PARTNERS LLC,"4400 KRAFFT RD, FORT GRATIOT MI 48059",ST CLAIR,192,64,25
CONWAY COMMONS PARK,PETOSKEY VENTURE LLC,"2959 ODEN ROAD, ALANSON MI 49706",EMMET,100,107,37
OTTOGAN MOBILE HOME ESTATES,OTTOGAN ESTATES LLC,"173 LIZBETH, HOLLAND MI 49423",OTTAWA,278,85,31
,CARLETON MHP LLC,"12500 JONES STREET, CARLETON MI 48117",MONROE,228,29,16
MAPLEWOOD MOBILE HOME COMMUNITY,NP MAPLEWOOD LLC,"50 INCA DRIVE SW, GRAND RAPIDS MI 49548",KENT,115,83,20
,MATTESON LAKE ESTATES,"877 KINTER, BRONSON MI 49028",BRANCH,11,35,17
PARKS PLACE ESTATES,PATRICK PARKS,"14065 30TH AVE, REMUS MI 49340",MECOSTA,29,100,34
,HIDDEN CREEK COMMUNITY LLC,",",ALLEGAN,212,43,31
,PLEASANT VALLEY ESTATES LLC,"600 W 5TH STREET, CLARE MI 48617",CLARE,57,100,34
MEADOWS MOBILE HOME PARK,MIAL MEADOWS MHP LLC,"411 S GROVER, ALMA MI 48801",GRATIOT,93,92,34
,MAPLE WOODS MOBILE HOME PARK LLC,"1550 W BEECHER, ADRIAN MI 49221",LENAWEE,285,34,16
,GLENMOOR VILLAGE MHC LLC,"3971 CAPITAL AVE SW OFC, BATTLECREEK MI 49015",CALHOUN,127,45,18
MIIS SUNNYSIDE MANUFACTURED HOME COMMUNITY,"MIIS SUNNYSIDE MHP, LLC","728 NORTH LAKE DRIVE, ISHPEMING MI 49849",MARQUETTE,131,109,38
WESTBRIDGE,FSI WESTBRIDGE WESTBROOK PROPERTY LLC,"45301 CHATEAU THIERRY BLVD, MACOMB MI 48044",MACOMB,1425,60,11
WESTBROOK,FSI WESTBRIDGE WESTBROOK PROPERTY LLC,"45013 CATALPA BLVD, MACOMB MI 48044",MACOMB,388,60,11
,FSI GRAND BLANC PROPERTY LLC,"8225 EMBURY ROAD, GRAND BLANC MI 48439",GENESEE,478,68,27
,FSI AVON PROPERTY LLC,"2889 SANDPIPER STREET, ROCHESTER HILLS MI 48039",OAKLAND,616,55,9
,FSI FERRAND ESTATES PROPERTY LLC,"4528 HALIFAX AVE., SOUTHWEST, WYOMING MI 49519",KENT,420,83,29
,FSI FAIRCHILD PROPERTY LLC,"49645 AU LAC DRIVE EAST, CHESTERFIELD MI 48051",MACOMB,345,63,12
LAKE PONEMAH MOBILE HOME PARK,"FENTON LAKEFRONT COMMUNITY, LLC","14214 EASTVIEW DRIVE, FENTON MI 48430",GENESEE,61,72,22
PARKWAY VILLAGE ML,MHC AFFORDABLE HOUSING ML LLC,"23500 S KEYSTONE WAY, CLINTON TOWNSHIP MI 48036",MACOMB,242,61,12
LAKE SUPERIOR ESTATES,MISA LAKE SUPERIOR MHP LLC,"102 E 25TH AVE, SAULT STE MARIE MI 48783",CHIPPEWA,222,107,37
,EDGEWOOD MHC LLC,"1490 SOUTH GRAHAM ROAD, SAGINAW MI 48609",SAGINAW,197,93,26
,INDIAN TRAIL MHC LLC,"3650 METCALF ROAD, BURTCHVILLE MI 48059",ST CLAIR,496,64,25
,THE PEACH TREE MHP LLC,"6517 TELEGRAPH ROAD, ERIE MI 48133",MONROE,65,30,16
SPRING VALLEY MOBILE HOME PARK,MHP SPRING VALLEY LLC,"6460 NORTHLAND DRIVE N.E., ROCKFORD MI 49341",KENT,69,90,30
FOREST LANE MHP,MIIS SUNNYSIDE MHP LLC,"3310 COUNTY RD 496, ISHPEMING MI 49849",MARQUETTE,14,109,38
ROYAL ESTATES,FSI ROYAL ESTATES PROPERTY LLC,"8300 RAVINE ROAD, KALAMAZOO MI 49009",KALAMAZOO,181,42,19
,MY PLACE AT WOODMONT LLC,"21395 INKSTER, FARMINGTON HILLS MI 48336",OAKLAND,32,18,6
,FSI OAKLAND GLENS PROPERTY LLC,"41875 CAROUSEL STREET, NOVI MI 48377",OAKLAND,733,49,13
,RIVERSIDE PROPERTIES OF DEARBORN HEIGHTS LLC,"17297 W OUTER DRIVE, UNIT #1, DEARBORN HEIGHTS MI 48127",WAYNE,100,15,2
,FSI CRANBERRY PROPERTY LLC,"9620 HIGHLAND RD, WHITE LAKE MI 48386",OAKLAND,328,51,23
,MARC QUAIL RUN LLC,"33099 WILLOW LANE, LENOX TOWNSHIP MI 48048",MACOMB,340,65,25
SWAN LAKE MOBILE HOME COMMUNITY,MI 2016 SWAN LAKE MOBILE ESTATES LLC,"4319 SWAN LAKE DR, ALLEGAN MI 49010",ALLEGAN,47,39,20
,FSI OLD ORCHARD PROPERTY LLC,"10500 LAPEER ROAD, DAVISON MI 48423",GENESEE,200,68,26
,FSI HOLLY HILLS PROPERTY LLC,"16181 LANCASTER WAY, HOLLY MI 48442",OAKLAND,314,72,22
,PARK 24 INC,"109 PRUDENCE STREET, HIGGINS LAKE MI 48627",ROSCOMMON,24,105,36
,PINE CREST ESTATES MHC LLC,"30086 PINEVIEW CIRCLE, CHESTERFIELD MI 48051",MACOMB,214,63,12
,FSI MASON MANOR PROPERTY LLC,"2179 HULL ROAD, MASON MI 48854",INGHAM,269,73,21
,MEADOWBROOK ESTATES LLC,"07120 68TH ST, SOUTH HAVEN MI 49090",VAN BUREN,50,39,20
,MY PLACE AT NORTH HILL LLC,"504 NORTH MAIN STREET, YALE MI 48097",ST CLAIR,42,65,25
KEY VISTA MHC,KEY VISTA LLC,"1800 WEST MAIN STREET, LOWELL MI 49331",KENT,137,78,18
,NORTHWOOD VILLAGE BAY CITY LLC,"2627 BROADWAY, BAY CITY MI 48708",BAY,60,96,35
GREEN BRIAR COMMUNITY,4070 GREENBRIAR LLC,"4070 GREEN BRIAR BLVD, BURTON MI 48529",GENESEE,345,70,27
NEW VILLAGE ML,MHC AFFORDABLE HOUSING ML LLC,"430 SOUTH BRYON, HOMER MI 49245",CALHOUN,130,45,17
MILLER TRAILER VILLAGE,"MIK PROPERTY, LLC","3500 S DEARING ROAD, SPRING ARBOR MI 49283",JACKSON,55,45,14
THE BLUFFS AT MANISTEE LAKE,RJ II ASSOCIATES LLC,"956 TENNESSEE AVE, MANISTEE MI 49660",MANISTEE,53,102,32
,FSI SWAN CREEK PROPERTY LLC,"23379 ISLAND DRIVE, NEW BOSTON MI 48164",WAYNE,304,29,4
BUCKHORN TRAILER COURT,FITZGERALD PARK LLC,"2261 ROCKY WEED, BERRIEN SPRINGS MI 49103",BERRIEN,12,37,20
FRANKLIN WOODS,MINI FRANKLIN MHP LLC,"1950 S 13TH STREET, NILES MI 49120",BERRIEN,271,37,17
SPRUCE TREE MOBILE HOME PARK,MIMA SPRUCE MHP LLC,"14200 18 1/2 MILE ROAD, MARSHALL MI 49068",CALHOUN,80,45,18
HIDDEN OAKS MHP,MIFR HIDDEN MHP LLC,"14751 APPLE DRIVE, FRUITPORT MI 49415",OTTAWA,104,88,31
KALKASKA ESTATES,KALKASKA MHP LLC,"2012 EAST ESTATE RD, KALKASKA MI 49646",KALKASKA,54,104,36
,WHISPERING PINES MOBILE HOME PARK,"12955 SHERIDAN ROAD, BURT MI 48417",SAGINAW,14,97,26
ARBOR WOODS,SUN ARBOR WOODS LLC,"1993 ARBOR WOOD BLVD, YPSILANTI MI 48198",WASHTENAW,458,32,15
,SUNRISE RENTALS LLC,"1121 BARE POINT RD, ALPENA MI 49707",ALPENA,36,106,36
LAKE FOREST PARK MHC,HESS LAKE INVESTMENTS LLC,"905 E 96TH STREET, GRANT MI 49327",NEWAYGO,74,101,33
,STURGIS MOBILE HOME PARK LLC,"960 WEST CHICAGO ROAD, STURGIS MI 49091",ST JOSEPH,35,36,17
,LAMBERTON LAKE MHC,"1525 E LAMBERTON LAKE DRIVE, GRAND RAPIDS MI 49525",KENT,52,81,30
,WESTWOOD MHP LLC,"3364 S HURON ROAD, BAY CITY MI 48706",BAY,240,96,35
,SHERWOOD VILLAGE MHC LLC,"41275 OLD MICHIGAN ROAD, CANTON MI 48188",WAYNE,446,25,5
,PARKWOOD MOBILE HOME PARK,"3120 CHARI DRIVE, FLINT MI 48507",GENESEE,250,72,27
WATSON ML,MHC AFFORDABLE HOUSING ML LLC,"1362 E M-89 HWY, OTSEGO MI 49087",ALLEGAN,176,42,18
CARRIAGE MANOR ESTATES,"FLINT HOME SWEET HOME, LLC","2211 SOUTH DORT HIGHWAY, FLINT MI 48167",GENESEE,53,70,27
PONTALUNA SHORES,PONTALUNA SHORES MHC LLC,"1281 E PONTALUNA ROAD, SPRING LAKE MI 49456",MUSKEGON,143,88,32
ARBOR VILLAGE ML,MHC AFFORDABLE HOUSING ML LLC,"7940 S CIRCLE DR, PARMA MI 49269",JACKSON,265,45,14
,"CAMBRIDGE VILLAGE MOBILE HOME PARK, LLC","734 CAMBRIDGE DRIVE, COLDWATER MI 49036",BRANCH,32,35,17
,OLD ORCHARD MOBILE HOME PARK LLC,"35270 GLENWOOD, WESTLAND MI 48186",WAYNE,29,25,5
MERLINO'S TIMBER COUNTRY MOBILE HOME PARK,MERLINO'S INVESTMENTS LLC,"10401 W MONROE RD, ELWELL MI 48832",GRATIOT,32,92,34
,BROADWAY ACRES MHP LLC,"5400 KAY STREET, MOUNT PLEASANT MI 48858",ISABELLA,71,92,34
,NORTH BRANCH MEADOWS PARTNERS LLC,"6800 LYDIA BOULEVARD, NORTH BRANCH MI 48461",LAPEER,132,98,26
,FSI ANCHOR BAY PROPERTY LLC,"7061 BETHUY ROAD, FAIR HAVEN MI 48023",ST CLAIR,653,63,12
,MY PLACE AT HERITAGE ESTATES LLC,"G-5182 S DORT HIGHWAY, FLINT MI 48507",GENESEE,56,72,27
,RIVERVIEW ESTATES MHC LLC,"3407 MT HOPE AVE, LANSING MI 48911",INGHAM,142,74,21
,SWEET LAKE LLC,"31004 E US HWY 12, STURGIS MI 49091",ST JOSEPH,53,36,17
,FSI MILLSTONE POND PROPERTY LLC,"37781 SANDSTONE TRAIL, LENOX MI 48048",MACOMB,463,65,25
ORCHARD COVE MHC,OTISVILLE PARTNERS LLC,"201 ORCHARD COVE DR, OTISVILLE MI 48463",GENESSEE,117,67,26
OLD DUTCH FARMS,YES OLD DUTCH LLC,"27000 NAPIER ROAD, NOVI MI 48374",OAKLAND,299,21,13
AMERICANA ESTATES,YES AMERICANA ESTATES LLC,"1802 TRAY LANE, KALAMAZOO MI 49006",KALAMAZOO,162,41,19
DELHI MANOR,YES DELHI MANOR LLC,"4075 EAST HOLT ROAD, HOLT MI 48842",INGHAM,286,74,21
STONEGATE MHC,YES STONEGATE LLC,"2700 EATON RAPIDS ROAD, LANSING MI 48911",INGHAM,308,74,21
TIMBERLANDS,YES TIMBERLANDS LLC,"3375 EAST MICHGAN AVE, YPSILANTI MI 48198",WASHTENAW,185,32,15
YANKEE SPRINGS MEADOWS,YES YANKEE SPRINGS LLC,"1330 N PATTERSON RD, WAYLAND MI 49348",BARRY,284,43,18
,MI 2017 HIGHLAND HILLS LLC,"2425 DOUGLAS AVE, KALAMAZOO, 49007",KALAMAZOO,187,41,19
WEST OLIVE ESTATES,YES COMPANIES FRED LLC,"8930 146TH AVENUE, WEST OLIVE MI 49460",OTTAWA,740,88,31
DUTCH HILLS,YES DUTCH HILLS LLC,"16400 UPTON ROAD, EAST LANSING MI 48823",CLINTON,278,75,28
NORTON SHORES,"YES COMPANIES FRED, LLC","3223 BAILEY STREET, NORTON SHORES MI 49444",MUSKEGON,656,87,32
,FSI PAVILION PROPERTY LLC,"6830 E. N. AVE, KALAMAZOO MI 49048",KALAMAZOO,531,42,19
,KRIS KAY MHC LLC,"1800 S GRAHAM ROAD, SAGINAW MI 48609",SAGINAW,302,93,26
LAKEVIEW ESTATES ON LAWNDALE,YES COMPANIES FRED LLC,"4231 LAWNDALE ROAD, SAGINAW MI 48603",SAGINAW,189,93,35
,GREENWOOD INVESTMENTS LLC,"4461 US 41, ISHPEMING MI 49849",MARQUETTE,26,109,38
,CARO RIVERVIEW INC,"1 ANN DRIVE, CARO MI 48723",TUSCOLA,99,97,25
TWINLEAF,YES TWINLEAF LLC,"3614 STADIUM DRIVE, KALAMAZOO MI 49008",KALAMAZOO,185,41,19
WOODLAND ESTATES,YES WOODLAND ESTATES MI LLC,"4797 SOUTH 4TH STREET, KALAMAZOO MI 49009",KALAMAZOO,347,40,19
THE RAVINES MOBILE HOME COMMUNITY,YES RAVINES LLC,"73100 COUNTY ROAD 388, SOUTH HAVEN MI 49090",VAN BUREN,106,38,20
PLEASANT VIEW ESTATES,"YES PLEASANT VIEW, LLC","7604 RED ARROW HIGHWAY, WATERVLIET MI 49098",BERRIEN,209,39,20
PRESCOTT COMMUNITY,YES PRESCOTT LLC,"7283 DIVISION AVENUE SOUTH, GRAND RAPIDS MI 49548",KENT,178,83,20
,"BC COACHVILLE PROPERTY, LLC","3423 CARPENTER ROAD, YPSILANTI MI 48197",WASHTENAW,121,33,15
,"BC OAKRIDGE PROPERTY, LLC","6447 EAST DUNBAR RD, MONROE MI 48161",Monroe,620,30,16
,"BC RAISIN RIDGE PROPERY, LLC","3955 SOUTH CUSTER ROAD, MONROE MI 48161",MONROE,319,31,16
,MC SCIENCE CITY PROPERTY LLC,"3823 BAY CITY ROAD, MIDLAND MI 48642",MIDLAND,173,95,35
BELLE VILLA MEADOWS,"YES BELLE VILLA MEADOWS, LLC","955 SUMPTER ROAD, BELLEVILLE MI 48111",WAYNE,246,31,4
BELLE VILLA LAKE,"YES BELLE VILLA LAKES, LLC","955 SUMPTER ROAD, BELLEVILLE MI 48111",WAYNE,176,31,4
,MC CANTERBURY PROPERTY LLC,"360 E TUTTLE ROAD, IONIA MI 48846",IONIA,290,78,33
CLINTON RIVER COMMUNITY,"CLINTON RIVER TITLEHOLDER, LLC","4125 RIVERVIEW CIRCLE, MT CLEMENS MI 48083",MACOMB,132,61,12
WALNUT RIDGE COMMUNITY,WALNUT RIDGE TITLEHOLDER LLC,"3001 PARNALL ROAD, JACKSON MI 49201",JACKSON,299,46,14
MEADOW CREEK COMMUNITY,MEADOW CREEK TITLEHOLDER LLC,"58701 MEADOW CREEK BLVD, NEW HAVEN MI 48048",MACOMB,433,65,25
RIVERBROOK COMMUNITY,"RIVERBROOK TITLEHOLDER, LLC","59477 HARDY LANE, NEW HAVEN MI 48048",MACOMB,390,65,25
SPRINGROVE COMMUNITY,SPRINGROVE TITLEHOLDER LLC,"10771 DIXIE HIGHWAY, DAVISBURG MI 48350",OAKLAND,424,52,23
THE RESERVE COMMUNITY,"THE RESERVE TITLEHOLDER, LLC","3977 SHERWOOD LAKES BLVD, JACKSON MI 49201",JACKSON,414,46,14
SHAWNEE MHC,"YES COMPANIES FRED, LLC","1558 WEST SHAWNEE ROAD, BARODA MI 49101",BERRIEN,161,37,17
,MT PLEASANT MOBILE VILLAGE LLC,"505 S BRADLEY, MT PLEASANT MI 48858",ISABELLA,144,92,34
,MC HOWELL ESTATES PROPERTY LLC,"515 MASON ROAD, HOWELL MI 48843",LIVINGSTON,458,50,22
,MC OAK HILL PROPERTY LLC,"9626 OAKHILL ROAD, HOLLY MI 48442",OAKLAND,504,52,23
VALLEY GARDEN ESTATES,PCI CALHOUN/CLINTON LLC,"897 MICHIGAN AVE E, BATTLE CREEK MI 49017",CALHOUN,86,45,18
,HUNTSVILLE MHP INC.,"SOUTH DOERR ROAD, CASS CITY MI 48726",TUSCOLA,78,98,25
WOODLAND RIDGE COMMUNITY,WOODLAND RIDGE TITLEHOLDER LLC,"12250 WOODLAND RIDGE CIRCLE, SOUTH LYON MI 48178",LIVINGSTON,561,49,22
SAGINAW VALLEY,YES COMPANIES FRED LLC,"6160 DAVIS ROAD, SAGINAW MI 48604",SAGINAW,179,97,35
THE POINT,HUNTSVILLE MHP INC.,"DIVISION STREET, CASS CITY MI 48726",TUSCOLA,29,98,25
,BC VAN BUREN PROPERTY LLC,"16800 LOHR ROAD, BELLEVILLE MI 48111",WAYNE,310,31,4
,BC BELLEVILLE MANOR PROPERTY LLC,"8701 BELLEVILLE ROAD, BELLEVILLE MI 48111",WAYNE,358,31,4
,MC PINEWOOD PROPERTY LLC,"2109 REDWOOD AVE, COLUMBUS MI 48063",ST CLAIR,380,65,25
INDEPENDENCE COMMONS COMMUNITY,INDEPENDENCE COMMONS TITLEHOLDER LLC,"1776 CONSTITUTION CIRCLE, POTTERVILLE MI 48876",EATON,380,76,21
,"BC PLEASANTVILLE PROPERTY, LLC","1045 NADEAU ROAD, MONROE MI 48162",MONROE,152,28,16
,"BC MOHAWK PROPERTY, LLC","28495 JOY ROAD, WESTLAND MI 48185",WAYNE,105,25,5
COUNTRYSIDE ESTATES,RANDY ROYSTON,"3200 WEST LAWRENCE HWY, CHARLOTTE MI 48813",EATON,4,76,21
,WHISPERING PINES II INC.,"1200 SOUTH WASHINGTON STREET, CONSTANTINE MI 49042",ST JOSEPH,144,36,17
LAWNDALE ESTATES MOBILE HOME COMMUNITY,YES LAWNDALE LLC,"4509 LONGMEADOW BLVD W, SAGINAW MI 48603",SAGINAW,672,93,35
OAKBROOK ESTATES II,"MI 4004 DOUGLAS AVE KALAMAZOO, LLC","4002 DOUGLAS AVE, KALAMAZOO MI 49007",Kalamazoo,48,41,19
PINE GROVE MHP,MASC PROPERTIES LLC,"28312 MICHIGAN AVENUE, INKSTER MI 48141",WAYNE,45,26,5
,PINE TERRACE MOBILE HOME ESTATES LP,"2236 VAN DYKE, MARLETTE MI 48453",SANILAC,56,98,25
ST JOHNS ESTATES,PCI CALHOUN/CLINTON LLC,"690 NORTH MORTON, ST JOHNS MI 48879",CLINTON,112,75,28
ORCHARDVIEW ESTATES,"PCI WEST MICHIGAN, LLC","1200 E EMPIRE AVE, BENTON HARBOR MI 49022",BERRIEN,131,38,20
,BAY VILLAGE MHC LLC,"1274 HAMPTON ROAD, ESSEXVILLE MI 48732",BAY,102,96,35
,UNIVERSITY MOBILE ESTATES LLC,"11870 HEIDELBERG LANE, WHITMORE LAKE MI 48189",LIVINGSTON,55,49,22
,UNIVERSITY MOBILE ESTATES LLC,"11757 CAPPY LANE, WHITMORE LAKE MI 48189",LIVINGSTON,14,49,22
COUNTRY MANOR ESTATES,COUNTRY MANOR MANAGEMENT LLC,"18500 NORTHLAND DR, BIG RAPIDS MI 49307",MECOSTA,76,100,34
,GREENLAWN MOBILE HOME COURT LLC,"2725 E FOREST, ROTHBURY MI 49452",OCEANA,40,102,32
SEAWAY RANCH MHC,SEAWAY PARTNERS LLC,"50 MACK AVENUE, MARYSVILLE MI 48040",ST CLAIR,156,64,25
,LOON LAKE ESTATES LLC,"8 CRANE LAKE DRIVE, LINDEN MI 48451",GENESEE,45,72,22
,EAST BAY I MHC LLC,"3075 EAST BAY DRIVE, FENTON MI 48430",GENESEE,75,72,22
,ORION LAKES LLC,"47 BLUEBIRD HILL DRIVE, ORION MI 48359",OAKLAND,423,54,24
,FSI ADMIRALS COVE PROPERTY LLC,"10470 DIXIE HWY, FAIR HAVEN MI 48023",ST CLAIR,114,63,12
,HILLMAN ESTATES LLC,"600 N ELIZABETH STREET, HILLMAN MI 49746",MONTMORENCY,15,106,36
,VILLAGE COURT MHP LLC,"121 S ERIE AVE, THREE RIVERS MI 49093",ST JOSEPH,82,36,17
,RIVER RUN ESTATES MHC LLC,"820 E HOFFMAN STREET, THREE RIVERS MI 49093",ST JOSEPH,52,36,17
MILWOOD ESTATES,MI 2515 CORK ST KALAMAZOO LLC,"2515 CORK ST, KALAMAZOO MI 49001",KALAMAZOO,76,41,19
,FAWN LAKE ESTATES LLC,"831 N PONTIAC TRAIL #91, WALLED LAKE MI 48390",OAKLAND,136,49,13
DEMAWATING DEVELOPMENT RIVERSIDE VILLAGE,SAULT STE MARIE TRIBE OF CHIPPEWA INDIANS,"2210 RIVERSIDE DRIVE, SAULT STE MARIE MI 49783",CHIPPEWA,120,107,37
,LAKE FENTON ESTATES LLC,"11446 HARBOR COVER DRIVE, FENTON MI 48430",GENESEE,134,72,22
,SWARTZ CREEK ESTATES I LLC,"73 ASHLEY CIRCLE, SWARTZ CREEK MI 48473",GENESEE,176,69,27
,CRESTWOOD COMMUNITY LLC,"26235 W WARREN STREET, DEARBORN HEIGHTS MI 48127",WAYNE,198,15,2
,SPRINGBROOK ESTATES I LLC,"71400 VAN DYKE ROAD, ROMEO MI 48065",MACOMB,403,66,24
,PINE RIDGE ACRES LLC,"9348 SILVER LAKE ROAD, LINDEN MI 48451",GENESEE,196,71,22
,SOUTH VALLEY ESTATES LLC,"37 BELLWORD DRIVE, SWARTZ CREEK MI 47473",GENESEE,116,69,27
PEACHTREE MANOR,GROSS PROPERTY VENTURES LLC,"7575 DIXIE HWY, BRIDGEPORT MI 48722",SAGINAW,86,97,26
MONTROSE MOBILE HOME PARK,GROSS PROPERTY VENTURES INC,"7228 W FARRAND ROAD, CLIO MI 48420",GENESEE,50,97,26
,NORTH BAY HARBOR CLUB I LLC,"11567 HERON BAY DRIVE, FENTON MI 48430",LIVINGSTON,94,50,22
LAKE IN THE HILLS MHC,YES COMPANIES EXP KEY LLC,"2700 SHIMMONS ROAD, AUBURN HILLS MI 48326",OAKLAND,238,54,7
SWAN CREEK MHC,YES COMPANIES EXP KEY LLC,"6988 MCKEAN, YPSILANTI MI 48197",WASHTENAW,294,32,15
,COUNTRY PLACE PARK L.L.C.,"4151 E JORDAN ROAD, MT PLEASANT MI 48858",ISABELLA,66,92,34
,SUN SHELBY WEST LLC,"12277 CONSERVATION TRAIL, SHELBY TOWNSHIP MI 48315",MACOMB,644,59,24
,SUGAR TREE MV LLC,"1303 SUGAR TREE CT, CARO MI 48723",TUSCOLA,117,97,25
MILL POND VILLAGE MANUFACTURED HOME COMMUNITY,FR LANSING LLC,"1500 OLD MILL LAND, LANSING MI 48911",INGHAM,356,74,21
,SUN SHELBY FOREST LLC,"13955 BRONTE DRIVE, SHELBY TOWNSHIP MI 48315",MACOMB,664,59,24
BRIDGEPORT MOBILE HOME PARK,GROSS PROPERTY VENTURES INC,"5948 DIXIE HWY, BRIDGEPORT MI 48601",SAGINAW,41,94,26
,CREEKSIDE ESTATES MHC LLC,"5100 CLYDE PARK AVE, WYOMING MI 49509",KENT,165,83,29
VILLAGESIDE MOBILE HOME COMMUNITY,TRACEY MOORE,"999999 RAILROAD STREET, FAIRGROVE MI 48723",TUSCOLA,13,97,26
,FSI CAPITAL CROSSINGS PROPERTY LLC,"13531 DECLARATION COURT, EAGLE MI 48822",CLINTON,278,77,28
,RIDGEVIEW MHC LLC,"705 E 5TH STREET, CLARE MI 48617",CLARE,25,100,34
DIAMOND VILLAGE ESTATES,RONNIE R ROGERS PROPERTIES LLC,"59733 DECATUR ROAD, CASSOPOLIS MI 49031",CASS,50,36,17
GUERNSEY LAKE MHP,DELTON VENTURE LLC,"277 LAKESIDE DRIVE, DELTON MI 49046",BARRY,40,43,18
,FOREST MANISTEE MHP LLC,"1525 S COUNTY LINE ROAD, MANISTEE MI 49660",MASON,75,102,32
HARPER COMMONS MOBILE HOME COMMUNITY,HARPER COMMONS LLC,"993 MICHIGAN AVE E, BATTLE CREEK MI 49014",CALHOUN,163,45,18
,GREENBRIER ESTATES MHP LLC,"11345 SW GREENVILLE ROAD, GREENVILLE MI 48838",MONTCALM,57,91,33
LEE VILLA MOBILE HOME COMMUNITY,LEE VILLA ESTATES LLC,"2985 GADY  ROAD, ADRIAN MI 49221",LENAWEE,113,34,16
,LAKE PARK TRAILER RESORT INC,"2126 LAKESHORE DRIVE, FENNVILLE MI 49408",ALLEGAN,60,38,20
,GLENWOOD ESTATES SPARTA LLC,"1300 GLEN PARK DRIVE, SPARTA MI 49345",KENT,234,90,33
GLADWIN VILLAGE MOBILE HOME PARK,THORNE PROPERTIES INC,"805 N BOWERY, GLADWIN MI 48624",GLADWIN,10,99,34
,MEADOWS OF FARWELL MHC LLC,"551 GRACE STREET, FARWELL MI 48622",CLARE,66,100,34
,LAKE VILLA MHC HOLDINGS LLC,"1700 LAKEVILLA ROAD, OXFORD MI 48371",OAKLAND,851,66,24
,CHALET ESTATES MOBILE PARK INC,"5663 PICKEREL LAKE ROAD, PETOSKEY MI 49770",EMMET,40,107,37
SHERWOOD MOBILE HOME PARK,KALAMAZOO MHP LLC,"1519 OLMSTEAD ROAD #31, KALAMAZOO MI 49048",KALAMAZOO,62,41,19
,COMMERCE RIDGE MANAGEMENT INC,"185 HUNTLEY DRIVE, COMMERCE TWP MI 48390",OAKLAND,42,49,23
,FRIENDLY VILLAGE MHC II LLC,"1100 SOUTH MAIN STREET, ADRIAN MI 49221",LENAWEE,179,34,16
,RIVERVIEW MOBILE HOME COMMUNITY LLC,"2555 HENRY RUFF RD, INKSTER MI 48141",WAYNE,70,26,5
,HOUGHTON LAKE MOUNDS LLC,"130 MOUNDS TRAIL, HOUGHTON LAKE MI 48629",ROSCOMMON,24,105,36
,PINE CREST COMMUNITY LLC,"1168 W BRIDGE STREET, PLAINWELL MI 49080",ALLEGAN,82,42,18
,ELMCREST MOBILE HOME COMMUNITY LLC,"2915 MONTROSE STREET, YPSILANTI MI 48198",WASHTENAW,112,32,15
,MC LEONARD GARDENS PROPERTY LLC,"4524 LEONARD STREET NW, GRAND RAPIDS MI 49534",KENT,323,84,30
PAT'S TRAILER COURT,MCANN TELEGRAPH PROPERTY,"4650 S TELEGRAPH, DEARBORN HEIGHTS MI 48125",WAYNE,50,15,2
WINSLOW PARK,D. VENTURE LLC,"734 W GRAND RIVER AVE, OKEMOS MI 48864",INGHAM,72,75,28
VILLA GRANDE MOBILE HOME PARK,COSMONET VILLA GRANDE LLC,"4403 DAVISON RD, BURTON MI 48509",GENESEE,43,68,27
,CHILDS LAKE ESTATES MHC HOLDINGS LLC,"4377 OLD PLANK ROAD, MILFORD MI 48381",OAKLAND,619,51,23
SHERIDAN PROPERTY MANAGEMENT,DTR PROPERTY MANAGEMENT,"453 E CONDENSERY ROAD, SHERIDAN MI 48884",MONTCALM,26,91,33
,COUNTRY ACRES VILLAGE LLC,"2300 BARNEY RD, KALAMAZOO 49004",KALAMAZOO,320,41,19
,CREEKSIDE ESTATES LLC,"2066 S TELEGRAPH ROAD, BROWNSTOWN TWP MI 48183",WAYNE,157,17,6
,HILLTOP MHC MI LLC,"3750 MAYFIELD AVE ME, GRAND RAPIDS MI 49525",KENT,124,81,30
,ALPINE VILLAGE MHC LLC,"3601 ALPINE DRIVE, MIDLAND MI 48640",MIDLAND,281,95,35
,MANCHESTER MANOR MHC LLC,"101 HIBBARD STREET, MANCHESTER MI 48158",WASHTENAW,116,47,15
,CAVENDER INVESTMENT LLC,"529 EAST MICHIGAN, PARMA MI 49269",JACKSON,11,45,17
PINE COURT MOBILE HOME COMMUNITY,GRAY PROPERTY HOLDINGS LLC,"W BLUE SPRUCE LANE, MCBAIN MI 49657",MISSAUKEE,15,105,36
BEACH VIEW MOBILE HOME PARK,RED JACKET PROPERTIES,"1845 JASBERG ST, HANCOCK MI 49930",HOUGHTON,18,110,38
,SASHABAW MEADOWS OF CLARKSTON LLC,"4359 DOGWOOD BLVD, CLARKSTON MI 48348",OAKLAND,511,66,24
MOON LAKE ESTATES MHP,MOONLAKE LLC,"12700 COLBY LAKE ROAD, LAINGSBURG MI 48848",SHIAWASSEE,103,75,28
,MC WARREN ESTATES PROPERTY LLC,"3051 EAST TEN MILE ROAD, WARREN MI 48091",MACOMB,170,14,3
WOODLAND ESTATES,JAMES GILLIAM,"953 E MONROE ROAD, ST LOUIS MI 48880",GRATIOT,34,92,34
,AXIA PROPERTIES LLC,"2650 STONEY LAKE BLVD, STANTON MI 48888",MONTCALM,14,91,33
,SILVERLAWN MOBILE HOME COMMUNITY LLC,"10891 CEMENT CITY HWY, ADDISON MI 49220",LENAWEE,95,34,16
,THUNDERBIRD MHP LLC,"1145 HARMONIA, SPRINGFIELD MI 49017",CALHOUN,144,44,18
EDISON COURT MHC,EDISON COURT PARTNERS LLC,"2801 GRISWOLD RD, PORT HURON MI 48060",ST CLAIR,64,64,25
MEADOWS MOBILE HOME PARK,UMH MI NORTHTOWNE MEADOWS LLC,"6255 TELEGRAPH RD, ERIE MI 48133",MONROE,386,30,16
,APPLEWOOD MHP LLC,"53425 COUNTY ROAD 687, HARTFORD MI 49057",VAN BUREN,30,39,20
BRIERS TRAILER COURT,MICHAEL BRUNTJENS,"8467 P5 ROAD, GLADSTONE MI 49837",DELTA,10,108,38
WHITEFISH HILL RV PARK AND CAMPGROUND,WHITE FISH HILL INC,"8455 US2, RAPID RIVER MI 49878",DELTA,12,108,38
JACKSON MOBILE HOME PARK,JACKSON MHP LLC,"2240 BROOKLYN ROAD, JACKSON MI 49203",JACKSON,80,47,14
ROBINHOOD ESTATES MOBILE HOME PARK,FREAKY INVESTMENTS LLC,"3180 N ADRIAN HWY, ADRIAN MI 49221",LENAWEE,25,34,16
,CREEKVIEW MHP LLC,"400 N WALNUT, GREENVILLE MI 48838",MONTCALM,84,91,33
LAKESIDE MOBILE COURT,LAKESIDE MHP LLC,"4302 WESTERN RD, FLINT MI 48506",GENESEE,71,70,27
,MAPLE GROVE REAL ESTATE MI LLC,",",ALLEGAN,46,,
PARK LANE COURT,MC WARREN ESTATES PROPERTY LLC,"3193 EAST 10 MILE ROAD, WARREN MI 48091",MACOMB,168,14,3
BAYSIDE MOBILE ESTATES,BUSKER LTD,"3400 10 STREET, MENOMINEE MI 49858",MENOMINEE,97,108,38
RAVINES MHP,RAVINES MHP BENTON HARBOR MI LLC,"2088 EAST EMPIRE AVENUE, BENTON HARBOR MI 49022",BERRIEN,232,38,20
,PARK MEADOWS HOLDINGS LLC,"210 E GILES ROAD, MUSKEGON MI 49445",MUSKEGON,300,87,32
ATHERTON CROSSING MHC,FLINT MH MANAGEMENT LLC,"1549 E ATHERTON ROAD, FLINT MI 48507",GENESEE,190,70,27
CLINTON ESTATES MOBILE HOME COMMUNITY,VM RESIDENTIAL PROPERTIES LLC,"1801 W MICHIGAN AVE, CLINTON MI 49236",LENAWEE,27,34,15
PINES MOBILE HOME PARK,PINES MHP LLC,"3241 N 72ND AVE, HART MI 49420",OCEANA,48,102,32
,ONTARIO PLACE LIMITED PARTNERSHIP,"2006 ONTARIO ROAD, NILES MI 49120",BERRIEN,129,37,17
,SUNDANCE RUSTIC LLC,"19250 STATE LINE ROAD, EDWARDSBURG MI 49112",CASS,70,36,17
BIRCHWOOD MHC,BIRCHWOOD MHP FLINT MI LLC,"4155 WEST CARPENTER ROAD, FLINT MI 48504",GENESEE,82,69,27
GUNTHERS MOBILE HOME COURT,COSMONET-GUNTHERS LLC,"G-63136 N DORT HIGHWAY, MT MORRIS MI 48458",GENESEE,172,67,26
KRISTANA MOBILE HOME PARK,MUSKEGON GROUP LLC,"1110 E COLEMAN ROAD, LANSING MI 48906",CLINTON,154,75,28
,WINDMILL ESTATES LLC,"333 E LAKEWOOD BLVD, HOLLAND MI 49424",OTTAWA,399,86,31
,PASADENA MHC LLC,"2486 BEVERLY, FLINT MI 48504",GENESEE,212,69,27
,WEMI DOGWOOD LLC,"5284 124th AVE, FENNVILLE MI 49408",ALLEGAN,76,43,20
EDGEWOOD MANUFACTURED HOME COMMUNITY,MARETI INVESTMENTS LLC,"7415 WHITEHALL ROAD, MUSKEGON MI 49461",MUSKEGON,65,102,32
,SUGARLOAF MHP LLC,"11443 BONNIE DRIVE, SCHOOLCRAFT MI 49087",KALAMAZOO,57,42,19
COZY CORNER PROPERTY,DORT HWY PROPERTY MANAGEMENT LLC,"5201 N DORT HWY, FLINT MI 48505",GENESEE,43,70,27
,WEMI PHELPS LLC,"56630 89TH AVE, DECATUR MI 49045",VAN BUREN,35,39,20
,LAKEVIEW ESTATES MHC MI LLC,"8499 M-71, DURAND MI 48429",SHIAWASSEE,239,71,28
RIVERVIEW ESTATES OF BAY CITY,BAY EQUITIES LLC,"765 S RIVER ROAD, BAY CITY MI 48708",BAY,197,96,35
B & J MOBILE HOME PARK,SUSAN JARVIS-ORR,"56360 59 1/2 STREET, HARTFORD MI 49057",VAN BUREN,10,39,20
,BRENTWOOD ESTATES MHP LLC,"3477 HURON ROAD, BAY CITY MI 48706",BAY,25,96,35
SUMMERHILL VILLAGE,PLEASANT RIDGE PARTNERS LLC,"5280 S MISSION ROAD, MOUNT PLEASANT MI 48858",ISABELLA,305,92,34
,SUNDANCE-MEADOW LANE LLC,",",ST JOSEPH,115,,
,WEMI HIDDEN VALLEY LLC,"3885 E STAGE ROAD, IONIA MI 48846",IONIA,50,78,33
GARFIELD OAKS,3011 N GARFIELD LLC,"3011 N GARFIELD ROAD, TRAVERSE CITY MI 49686",GRAND TRAVERSE,53,103,37
,MAPLE KNOLL MHP HOLDINGS LLC,"1716 E LANSING ROAD, CHARLOTTE MI 48813",EATON,50,76,21
,KEARSLEY LAKE TERRACE LLC,"3400 BENMARK PLACE, FLINT MI 48506",GENESEE,126,67,26
,CREEKSIDE MANOR MHP LLC,"1655 S REESE ROAD, REESE MI 48757",TUSCOLA,140,97,26
,COUNTRY VILLA MHC LLC,"12919 TIPTON HWY, CLINTON MI 49236",LENAWEE,73,34,16
,YORKSHIRE MANOR OF CARLETON LLC,"1205 YORK BLVD, CARLETON MI 48117",MONROE,280,29,16
,COUNTRY HOLIDAY ESTATES MHC LLC,"43124 M 43, PAW PAW MI 49079",VAN BUREN,59,39,20
,COUNTRY MANOR PARK LLC,"4400 EDGAR ROAD, LESLIE MI 49251",INGHAM,39,73,21
,MAPLE GROVE MHP LLC,"2070 S ALMONT AVE, IMLAY CITY MI 48444",LAPEER,210,65,26
,RIVER'S EDGE OF CLINTON TOWNSHIP LLC,"38000 LECHATEAU BLVD, CLINTON TOWNSHIP MI 48038",MACOMB,1000,61,11
SAGINAW VILLAS MHC,SAGINAW VILLAS MHP SAGINAW MI LLC,"4141 DIXIE HIGHWAY, SAGINAW MI 48601",SAGINAW,472,94,35
,MCM MI LESLIE ESTATES LLC,"714 MILL STREET, LESLIE MI 49251",INGHAM,78,73,21
,MCM MI VILLAGE SQUARE LLC,"875 W GRAND RIVER AVE., #75, WILLIAMSTON MI 48033",INGHAM,99,73,28
THE WOODS AT CRYSTAL LAKE,CRYSTAL LAKE MHC LLC,"6747 ASH DRIVE, BENZONIA MI 49616",BENZIE,47,104,32
STARLIGHT MOBILE HOME PARK,ABC LIVING LLC,"7175 BISHOP ROAD, BRIGHTON MI 48116",LIVINGSTON,48,49,22
,WALTON MANOR MHC MI LLC,"229 E WALTON BLVD, PONTIAC MI 48340",OAKLAND,257,53,7
,KIMBALL ESTATES MHC LLC,"5148 DOVE ROAD, KIMBALL MI 48074",ST CLAIR,68,64,25
NORTHERN TRAILER PARK,TRINITY ENTERPRISE LCC,"6934 LANSING AVE, JACKSON MI 49201",JACKSON,13,45,14
,MEADOW LANE OF TRAVERSE CITY LLC,"4310 MEADOW LANE, TRAVERSE CITY MI 49685",GRAND TRAVERSE,483,103,37
,MCM MI RIVERVIEW LLC,"12481 LONG LAKE ROAD, SPARTA MI 49345",KENT,157,90,33
,WESTBORN VILLAGE LLC,"7659 N INKSTER ROAD, WESTLAND MI 48185",WAYNE,133,25,5
RIVERWOOD,RIVERWOOD MHP LLC,"501 E JEFFERSON STREET, BELLEVUE MI 49021",EATON,50,43,21
,WILDFLOWER PARTNERS LLC,"27 MILE ROAD, ALBION MI 49224",CALHOUN,112,44,17
SUNSET TRAILER VILLAGE,ROYAL GROUP LLC,"28730 GRAND RIVER, FARMINGTON HILLS MI 48336",OAKLAND,22,18,6
,HARRISVILLE MOBILE HOME PARK LLC,"116 WEST CHURCH, HARRISVILLE MI 48740",ALCONA,15,106,36
,VASSAR COMMUNITY PARK LLC,"533 GOODRICH ST, VASSAR MI 48768",TUSCOLA,20,97,26
GREENBRIAR ESTATES MOBILE HOME PARK,COSMONET-GREENBRIAR LLC,"2500 HOLMES ST, YPSILANTI MI 48198",WASHTENAW,111,32,15
NORTHERNAIRE MOBILE ESTATES,AV RENTAL PROPERTIES LLC,"55 RILINGS STREET, GWINN MI 49841",MARQUETTE,115,109,38
INDIANHILLS MANOR MOBILE HOME PARK,COSMONET-INDIANHILLS LLC,"G-6328 NORTH GENESEE ROAD, FLINT MI 48506",GENESEE,429,67,26
,DEQUINDRE ESTATES LLC,"48790 DEQUINDRE ROAD, SHELBY TWP MI 48317",MACOMB,303,59,24
,PORT AUSTIN ESTATES MHC LLC,"1 LARNED ROAD, PORT AUSTIN MI 48467",HURON,36,98,25
SYLVAN LAKE ESTATES MHC,CC SYLVAN LAKE PROPERTY LLC,"451 S TELEGRAPH ROAD, PONTIAC MI 48053",OAKLAND,82,53,7
HILLSIDE MOBILE HOME PARK,BENZIE TWINS INVESTMENTS LLC,"857 GLEN AVE, ELBERTA MI 49628",BENZIE,12,104,32
,JJH PROPERTIES INC,"4897 N ADRIAN HWY, ADRIAN MI 49221",LENAWEE,26,34,16
HAMLET OF HUNTERS CREEK MOBILE HOME PARK,HCMHP COMMUNITY LLC,"11334 120TH AVENUE, RODNEY MI 49342",MECOSTA,50,100,34
,RAVINIA ANCHOR BAY LLC,"5407 ALOHA DRIVE, CASCO MI 48064",ST CLAIR,562,63,25
THE WOODLANDS MANUFACTURED HOME COMMUNITY,WOODLANDS ASSOCIATES LLC,"1441 W ROMEO ROAD, OAKLAND MI 48363",OAKLAND,375,66,24
SHADYLANE ESTATES MHC,CC SHADYLANE PROPERTY LLC,"2709 CAPITOL #92, WARREN MI 48091",MACOMB,270,14,3
POPLARS RESORT,JA SAGER ENTERPRISE LLC,"3000 LAKE PLEASANT RD S, OSSEO MI 43266",HILLSDALE,67,35,16
,TAMARACK MEADOWS HOMES LLC,"9640 N GREENVILLE ROAD, LAKEVIEW MI 48850",MONTCALM,23,91,33
,CC NOMAD PROPERTY LLC,"2701 HUIZENGA SREET, NORTH SHORES MI 49444",MUSKEGON,111,87,32
,CC KENTWOOD PROPERTY LLC,"6122 DIVISION AVE, GRAND RAPIDS MI 49548",KENT,190,79,20
,CC GREEN MEADOW PROPERTY LLC,"6148 DIVISION AVE S, GRAND RAPIDS MI 49548",KENT,156,79,20
,CC SPRINGPORT PROPERTY LLC,"271 GREEN STREET, SPRINGPORT MI 49284",JACKSON,81,45,17
,CC PARK TERRACE PROPERTY LLC,"3435 W SAINT JOSEPH STREET, LANSING MI 48917",INGHAM,158,77,21
ARCADIAN OAKS MHC,CC AVENUE A ARCADIAN PROPERTY LLC,"1301 A AVENUE A, SPRINGFIELD MI 49037",CALHOUN,37,44,18
AVENUE A,CC AVENUE A ACRADIAN PROPERTY LLC,"1267 AVENUE A, SPRINGFIELD MI 49037",CALHOUN,145,44,18
,PINES ESTATES MHC LLC,"865 S VAN DYKE, BAD AXE MI 48413",HURON,40,98,25
VICTORIA WOODS MHP,MIDLAND VICTORIA LLC,"2574 WEST MIDLAND ROAD, MIDLAND MI 48642",BAY,52,97,35
HARRISON MOBILE HOME PARK,FRED KRYMIS,"1820 HAMPTON ROAD, HARRISON MI 48625",CLARE,6,100,34
ROYAL HOLIDAY,CC ROYAL HOLIDAY PROPERTY LLC,"39500 W WARREN ROAD, CANTON MI 48187",WAYNE,436,24,5
HOLIDAY ESTATES MHP,CC HOLIDAY ESTATES PROPERTY LLC,"46000 GEDDES ROAD, CANTON MI 48188",WAYNE,551,25,5
HOLIDAY WEST,CC HOLIDAY WEST PROPERTY LLC,"50333 WILLIS ROAD, BELLEVILLE MI 48111",WAYNE,844,31,4
HOLIDAY WOODS MHC,CC HOLIDAY WOODS PROPERTY LLC,"20749 MARTINSVILLE ROAD, BELLEVILLE MI 48111",WAYNE,321,31,4
HIGHLAND GREENS,SUN HIGHLAND GREENS ESTATES LLC,"2377 N MILFORD ROAD, HIGHLAND MI 48357",OAKLAND,907,51,23
FLUSHING ESTATES,CC FLUSHING ESTATES PROPERTY LLC,"7416 GILLETTE ROAD, FLUSHING MI 48433",GENESEE,280,69,27
SHADY BROOK MOBILE HOME PARK,THREE MILE LAKE MHP LLC,"43910 30TH STREET, PAW PAW MI 49079",VAN BUREN,20,39,20
KINGS COURT ADRIAN MHP,KINGS COURT ADRIAN MHP LLC,"1142 LANSING #3c, ADRIAN MI 49221",LENAWEE,123,34,16
,ROBBINS MHP LLC,"3300 ELIZABETH LAKE ROAD, WATERFORD MI 48328",OAKLAND,142,53,23
,PINEGATE MHP LLC,"7805 S DIVISION, GRAND RAPIDS MI 49548",KENT,151,80,29
,HURON ESTATES MHP INC,"1290 SOUTH HURON, CHEBOYGAN MI 49721",CHEBOYGAN,112,106,37
,AMERICAN HOME COMMUNITIES III LLC,"1806 E WEBSTER ROAD, FLINT MI 48505",GENESEE,251,70,27
SUNSET VIEW MOBILE HOME PARK,COSMONET-SUNSET LLC,"926 HILL STREET, PORTLAND MI 48875",IONIA,35,78,33
,LUDINGTON MHP LLC,"5040 RASMUSSEN ROAD, LUDINGTON MI 49431",MASON,70,102,32
WILLOW VILLAGE MOBILE HOME COURT,COSMONET-WILLOWVILLAGE LLC,"2445 E GRAND RIVER AVE, WILLIAMSTON MI 48895",INGHAM,45,73,28
,CC CEDAR RIVER PROPERTY LLC,"400 CEDAR RIVER DRIVER, FOWLERVILLE MI 48826",LIVINGSTON,119,50,22
TROY VILLA MANUFACTURED HOME COMMUNITY,SUN TROY VILLA LLC,"2100 STEPHENSON HWY, TROY MI 48083",OAKLAND,282,56,9
,BRECKENRIDGE MHP LLC,"452 ELM STREET, BRECKENRIDGE MI 48615",GRATIOT,46,93,34
,ALMA MHP LLC,"315 LINWOOD AVE, ALMA MI 48801",GRATIOT,44,92,34
,HILLSDALE MHP LLC,"2856 W CARLETON ROAD, HILLSDALE MI 49242",HILLSDALE,112,35,16
,SUMMERWOOD ESTATES MHC LLC,"149 CHARLOTTE STREET, BAD AXE MI 48413",HURON,71,98,25
,ALPINE MHC LLC,"2960 EAST ALPINE BLVD, BAY CITY MI 48706",BAY,140,96,35
,PARKVIEW ESTATES-SOUTH LLC,"3900 W JEFFERSON AVE, TRENTON MI 48183",WAYNE,65,27,4
COUNTRY ESTATES MOBILE HOME COMMUNITY,NP SPRING LAKE LLC,"14700 STATE ROAD, SPRING LAKE MI 49456",OTTAWA,255,88,31
,C&M MOBILE COURT MHC LLC,"70710 ELKHART, EDWARDSBURG MI 49112",CASS,28,36,17
,HOLIDAY ESTATES MHC MI LLC,"440 68TH STREET SW, GRAND RAPIDS MI 49548",KENT,205,83,20
,EDWARDSBURG ESTATES MHC MI LLC,"69425 M-62, EDWARDSBURG MI 49112",CASS,108,36,17
,EVERGREEN PLEASANT VALLEY LLC,"1704 S M-52, OWOSSO MI 48867",SHIAWASSEE,61,71,28
,UPPER SANDS ESTATES LLC,"160 S. M553, GWINN MI 49841",MARQUETTE,98,109,38
,GERALD BURTON,"6261 SAGINAW STREET, MT MORRIS MI 48458",GENESEE,138,69,27
,BEAN CREEK VENTURE LLC,"9575 DEVILS LAKE HIGHWAY, MANITOU BEACH MI 49253",LENAWEE,72,34,16
,ROUND LAKE VENTURE LLC,"2125 GENEVA HIGHWAY, MANITOU BEACH MI 49253",LENAWEE,39,34,16
,BLUEGILL MHP LLC,"400 SOUTH STREET, MARCELLUS MI 49067",CASS,43,36,17
PROSPECT MANOR MOBILE HOME COMMUNITY,PM MHC LLC,"1012 S LAGRAVE STREET, PAW PAW MI 49079",VAN BUREN,52,39,19
,MCM MI BUTTERNUT LLC,"801 PACKARD HIGHWAY, CHARLOTTE MI 48813",EATON,40,76,21
,MCM MI EATON PINES LLC,"458 EATON PINES BLVD, EATON RAPIDS MI 48827",EATON,148,76,21
,MCM MI LAKEWOOD LLC,"1615 TUPPER LAKE STREET, LAKE ODESSA MI 48849",IONIA,87,78,18
,SAND HILL COMMUNITY LLC,"5080 ST JOSEPH AVE, STEVENSVILLE MI 49127",BERRIEN,80,38,20
STANDISH MISSIONS,RAMAJ ESTATES LLC,"423 S CASS STREET, STANDISH MI 48658",ARENAC,38,99,36
,LOWLANDS HOUSE LLC,"140 NORTH PLEASANT AVE, LOWELL MI 49331",KENT,17,78,18
HIGHLAND HILLS,CC HIGHLAND HILLS PROPERTY LLC,"1200 W HIGHLAND ROAD, HIGHLAND MI 48031",OAKLAND,306,50,22
LAKEVIEW MOBILE HOME PARK,AFM ASSETS LLC,"454 E HOUGHTON LAKE DRIVE, PRUDENVILLE MI 48651",ROSCOMMON,49,105,36
COLLEGE PARK MOBILE HOME VILLAGE,"KGADR, LLC","1111 CATHERINE STREET, BIG RAPIDS MI 49307",MECOSTA,106,100,34
,SOUTHGATE MV LLC,"330 S THIRD STREET, COLEMAN MI 48618",MIDLAND,58,95,34
,HILLS HAVEN MHC LLC,"4205 HILLS HAVEN ROAD, BUCHANAN MI 49107",BERRIEN,94,37,17
,ADRIAN ESTATES MHP LLC,"1003 LANSING STREET, ADRIAN MI 49221",LENAWEE,26,34,16
,SOUTH HAVEN PARK MHP LLC,"73561 CHAMBERS STREET, SOUTH HAVEN MI 49090",VAN BUREN,53,38,20
ST JOE MOBILE HOME PARK,AVRA RENTALS & MOBILE HOME SALES LLC,"310 WEST ST JOE STREET, LITCHFIELD MI 49252",HILLSDALE,16,35,17
TANGLEWOOD VILLAGE,SUN TANGLEWOOD VILLAGE LLC,"25873  MANCHESTER DRIVE, FLAT ROCK MI 48134",WAYNE,248,28,4
TOWN AND COUNTRY MOBILE HOME ESTATES,EVERGREEN TOWN & COUNTRY MHP LLC,"51005 OLD MICHIGAN AVE, BELLEVILLE MI 48111",WAYNE,137,31,4
PINE VIEW ESTATES,SUN PINEVIEW ESTATES LLC,"6152 N GENESEE RD, FLINT MI 48506",GENESEE,1011,67,26
,SHADY OAKS PARK MHP LLC,"1977 WHITEHALL ROAD, MUSKEGON MI 49445",MUSKEGON,23,87,32
HUNTINGTON RUN MH,SUN HUNTINGTON RUN LLC,"6255 CRANBROOK LANE, KALAMAZOO MI 49009",KALAMAZOO,175,40,19
,CAMELOT VILLAS MHP LLC,"8300 COVENTRY BOULEVARD, MOUNT MORRIS MI 48458",GENESEE,259,67,26
,WESTWOOD MHP LLC,"4135 DOLAN DRIVE, FLINT MI 48504",GENESEE,216,69,27
,PHEASANT RUN MHP LLC,"1587 PHEASANT RUN DRIVE, FLINT MI 48532",GENESEE,179,69,27
,CEDAR HILL VILLAGE LLC,"11211 NICKPLATE ROAD, PEWAMO MI 48823",IONIA,13,93,33
,CRICKLEWOOD MHP LLC,"23604 36TH AVE, RAVENNA MI 49451",OTTAWA,62,89,33
,SOUTHGATE MHP LLC,"2425 E US-223, ADRIAN MI 49221",LENAWEE,48,34,16
VILLAGE VIEW MOBILE HOME PARK,VILLAGE VIEW ESTATES LLC,"258 COUNTY ROAD 665, PAW PAW MI 49079",VAN BUREN,71,39,20
GRAND VILLAGE MOBILE HOME PARK,AVRA RENTALS & MOBILE HOME SALES,"323 BOISMIER LANE, COLDWATER MI 49036",BRANCH,20,35,17
,THREE OAKS ESTATES MHP LLC,"6992 US 12, THREE OAKS MI 49128",BERRIEN,74,37,17
,RIVERVIEW ESTATES MHP LLC,"4599 PIGEON ROAD, ELKTON MI 48731",HURON,36,98,25
,CC WHITE BIRCH PROPERTY LLC,"477 MAPLE DRIVE, KAWKAWLIN MI 48631",BAY,249,96,35
,CC SHERWOOD FOREST PROPERTY LLC,"1133 YEOMANS STREET, IONIA MI 48846",IONIA,240,78,33
,THREE MILE LAKE MHP LLC,"63381 41ST STREET, PAW PAW MI 49079",VAN BUREN,45,39,20
MAPLE VIEW ESTATES OF MT PLEASANT,PESTEL PROPERTIES LLC,"1955 S CHIPPEWA ROAD, MT PLEASANT MI 48858",ISABELLA,99,92,34
MAPLE VIEW ESTATES OF MT PLEASANT,PESTEL PROPERTIES LLC,"10749 E PICKARD ROAD, MT PLEASANT MI 48858",ISABELLA,37,92,34
FOUR KORNERS ESTATES,KI SCHMELTZER LLC,"100 TAYLOR ROAD, GWINN MI 49841",MARQUETTE,14,109,38
ISABELLA VILLAGE MHP,ISABELLA VILLAGE MHP MT PLEASANT MI LLC,"5232 E BROADWAY ROAD, MT PLEASANT MI 48858",ISABELLA,170,92,34
RIVERSIDE CROSSING MHP,RIVERSIDE CROSSING MHP MONTROSE MI LLC,"10186 W FARRAND ROAD, MONTROSE MI 48457",GENESEE,142,97,26
PARK ESTATES,PARK ESTATES MHP BELLEVILLE MI,"51300 MICHIGAN AVENUE, BELLEVILLE MI 48111",WAYNE,128,31,4
,SAGINAW MHP 1 LLC,"5653 DIXIE HIGHWAY, SAGINAW MI 48601",SAGINAW,145,94,26
SAPPHIRE ESTATES MOBILE HOME PARK,COLORED STONE PROPERTIES LLC,"2375 138TH AVE, DORR MI 49323",ALLEGAN,55,43,20
COUNTRY VIEW MOBILE HOME COMMUNITY,COUNTRY VIEW MHC LLC,"19311 US-12, EDWARDSBURG MI 49445",CASS,42,36,17
,MCM MI GUN LAKE LLC,"11985 MARSH ROAD, SHELBYVILLE MI 49344",BARRY,92,43,18
LAKECREST MOBILE HOME PARK,T&C WEATHERFORD LLC,"661 LAKECREST DRIVE, COLDWATER MI 49036",BRANCH,21,35,17
,WHISPERING OAKS MHP LLC,"3517 W HOUGHTON LAKE DRIVE, HOUGHTON LAKE MI 48629",ROSCOMMON,26,105,36
,PARK VIEW MHC LLC,"299 BRISTIE STREET, PORTLAND MI 48875",IONIA,75,78,33
,ANDREWS ESTATES COMMUNITY LLC,"12034 E MICHIGAN AVE, GALESBURG MI 49053",KALAMAZOO,71,45,19
TWIN PINES MHP,TP MHP LLC,"6815 E 11 MILE ROAD, WARREN MI 48092",MACOMB,140,14,3
ANDOVER MH,SUN ANDOVER LLC,"1000 CAMBRY CIRCLE, GRASS LAKE MI 49240",JACKSON,126,46,14
,CC IDEAL VILLA PROPERTY LLC,"3660 S LAPEER ROAD, METAMORA MI 48455",LAPEER,168,67,24
,SILVER LAKE MHP LLC,"10987 SILVER LAKE ROAD, SOUTH LYON MI 48178",LIVINGSTON,27,49,22
,MI 2021 SOUTH CREEK LLC,"9120 VIENNA ROAD, MT MORRIS MI 48458",GENESEE,380,69,26
,"BEL AIR ESTATES MHP, LLC","2481 W SHERMAN BLVD., NORTON SHORES MI 49441",MUSKEGON,116,88,32
,MAPLE LANE MOBILE HOME PARK LLC,"65 S NORTH STREET, WHITE CLOUD MI 49349",NEWAYGO,47,101,33
,WELLINGTON ESTATES MHP LLC,"1527 W STATE STREET, BELDING MI 48809",IONIA,150,91,33
,GOLDEN POND ESTATES MHC LLC,"61600 YOUNGMAN ROAD, THREE RIVERS MI 49093",ST JOSEPH,41,36,17
,YES CENTURY PARK LLC,"215 NORTH CANAL ROAD, LANSING MI 48917",EATON,230,76,21
RIVER SPRINGS MHP LLC,RIVER GROVE MHP LLC,"9387 Old 31, Berrien Springs MI 49103",BERRIEN,199,37,17
,MASON JAMES VASSER ESTATES LLC,"5656 FREEWALD, MILLINGTON MI 48746",TUSCOLA,10,97,26
SYLVAN CROSSING,SUN SYLVAN CROSSING LLC,"23351 REDWOOD DRIVE, CHELSEA MI 48118",WASHTENAW,281,46,14
,ACACIA GLOBAL PROPERTIES LLC,"414 RUSSELL STREET, ALLEGAN MI 49010",ALLEGAN,10,43,20
,SUN VALLEY ESTATES MHP LLC,"180 MANTLE AVE, JACKSON MI 49202",JACKSON,231,46,14
RIVER HAVEN ESTATES MANUFACTURED HOUSING COMMUNITY,CADILLAC LEISURE PARTNERS LLC,"24 CABERFAE HIGHWAY, MANISTEE MI 49660",MANISTEE,69,102,32
TRAIL TREE VILLAGE,MI TRAIL TREE VILLAGE PROPERTY LLC,"175 N MICHIGAN AVE, COLDWATER MI 49036",BRANCH,143,35,17
NORTH TRAIL VILLAGE,MI NORTH TRAIL VILLAGE PROPERTY LLC,"100 N MAIN STREET, QUINCY MI 49082",BRANCH,42,35,17
,YES ACKELS LLC,"25151 DEQUINDER ROAD, MADISON HEIGHTS MI 48071",OAKLAND,116,8,3
,SUN MEADOWSTONE LLC,"601 BARTFIELD DRIVE, HASTINGS MI 49058",BARRY,231,78,18
MEADOWBROOK MANOR ESTATES,MI 2020 MEADOWBROOK LLC,"7280 W MT MORRIS RD, FLUSHING MI 48433",GENESEE,401,69,27
,SOUTHGATE MHC LLC,"12060 DIX TOLEDO RD, SOUTHGATE MI 48195",WAYNE,70,2,4
LANDMARK ESTATES MHP,"LME MHP, LLC","21908 DEQUNDRE ROAD, WARREN MI 48091",MACOMB,110,14,3
CHARLEVOIX ESTATES MH,SUN CHARLEVOIX ESTATES LLC,"6685 M-66, CHARLEVOIX MI 49720",CHARLEVOIX,189,107,37
,WILLOW PARK MHP LLC,"1055 LINCOLN AVE, HOLLAND MI 49423",ALLEGAN,69,86,31
,LINCOLN PARK MI MHP LLC,"3075 DIX HIGHWAY, LINCOLN PARK MI 48146",WAYNE,203,2,1
,THUNDER BAY ESTATES LLC,"624 RIPLEY BLVD., ALPENA MI 49707",ALPENA,65,106,36
RIVERSIDE ESTATES MOBILE HOME COMMUNITY,RIVERSIDE 2020 LLC,"6200 ARROWHEAD DR, FENNVILLE MI 49408",ALLEGAN,40,38,20
KAMPVILLA,WOODED BLISS LLC,"16632 US 31, BEAR LAKE MI 49614",MANISTEE,40,102,32
,LAKESHORE PINES LLC,"3193 PORT AUSTIN ROAD, PORT AUSTIN MI 48467",HURON,40,98,25
,KEEGO HARBOR MHC LLC,"3170 ORCHARD LAKE ROAD, KEEGO HARBOR MI 48320",OAKLAND,93,20,13
THE MANUFACTURED HOME COMMUNITY OF STERLING ESTATES,ADRIAN MOBILE HOME PARK LLC,"1203 DIVISION STREET, ADRIAN MI 49221",LENAWEE,296,34,16
,MORROW CROSSING LLC,"102 N 30TH STREET, GALESBURG MI 49053",KALAMAZOO,60,42,19
GUN RIVER WEST ML,MHC AFFORDABLE HOUSING ML LLC,"1066 MILLER ROAD, PLAINWELL MI 49080",ALLEGAN,61,42,18
ARLINGTON MANOR MHP,MOBILE HOME PARKS OF MICHIGAN LLC,"4885 MONTERAY DRIVE, MIDLAND MI 48642",BAY,99,95,35
,OAK GROVE TRAILER PARK LLC,"3341 PORT AUSTIN ROAD, PORT AUSTIN MI 48467",HURON,12,98,25
PINEVIEW MOBILE HOME PARK,APPLELAND INC,"6385 WHITES BRIDGE RAOD, BELDING MI 48809",IONIA,20,91,33
,PORTAGE TERRACE MHP LLC,"11247 PORTAGE ROAD, PORTAGE MI 49002",KALAMAZOO,81,42,19
BAYSIDE ESTATES,CONTINENTAL MHP LLC,"2420 PINETREE DRIVE, SEBEWAING MI 48759",HURON,74,98,25
,SUNSET PARK MHP LLC,"3720 BLACK HIGHWAY, ADRIAN MI 49221",LENAWEE,48,34,16
,LAKEWOOD ESTATES MHP LLC,"8000 WARREN WOODS ROAD, THREE OAKS MI 49128",BERRIEN,138,38,17
,HIDDEN RIVER SOUTH LLC,"3251 SOUTH ADRIAN HIGHWAY, ADRIAN MI 49221",LENAWEE,202,34,16
BAY CITY MHP,MIDLAND BAY CITY MHP LLC,"2836 E BISCAYNE ROAD, BAY CITY MI 48706",BAY,61,96,35
L'ANSE MHP,BIG RAPIDS ACQUISITION GROUP INC,"ROUTE 2, L'ANSE MI 49946",BARAGA,37,109,38
,HIDDEN RIVER NORTH LLC,"975 W BEECHER STREET, ADRIAN MI 49221",LENAWEE,212,34,16
SUNNY SOUTH VILLA MOBILE HOME PARK,PACIFICA SHREWSBURY LLC,"15377 TELEGRAPH ROAD, MONROE MI 48161",MONROE,68,30,16
,BAY VILLAGE STANTON LLC,"410 W PINE STREET, STANTON MI 48888",MONTCALM,52,91,33
HUNTERS GLEN MANUFACTURED HOMES COMMUNITY,SUN HUNTERS GLEN LLC,"1132 HUNTERS GLEN BLVD, WAYLAND MI 49348",ALLEGAN,396,79,18
EAGLES LANDING ESTATES,BUEL HILL ESTATES MHP LLC,"2335 PECK ROAD, CROSWELL MI 48422",SANILAC,235,98,25
SYLVAN GLEN ESTATES,SUN SYLVAN GLEN LLC,"6600 W. GRAND RIVER AVE, BRIGHTON MI 48114",LIVINGSTON,482,48,22
,UMH MI HIDDEN CREEK LLC,"6400 S DIXIE HWY, ERIE MI 48133",MONROE,351,30,16
LAKESHORE MOBILE HOME PARK,PACIFICA SOUTH  HAVEN LLC,"75641 16TH AVENUE, SOUTH HAVEN MI 49090",VAN BUREN,73,38,20
,DEV 902 MICHIGAN STREET LLC,"902 MICHIGAN STREET, NILES MI 49120",BERRIEN,19,37,17
APPLE GROVE MHC,THREE ASSET LLC,"1754 LAVENDER LANE, KENT CITY MI 48330",KENT,50,90,33
,PACIFICA SHREWSBURY LLC,"1560 EIFERT ROAD, HOLT MI 48842",INGHAM,51,74,21
,NEWBURG MEADOWS PARTNERS LLC,"9115 N UNION STREET, TECUMSEH MI 49286",LENAWEE,136,34,15
,BURKE HOLIDAY TERRACE LLC,"10845 PERCY LANE, MECOSTA MI 49332",MECOSTA,36,100,34
SIDE O LAKE RESORT,SIDE O LAKE MHC LLC,"15301 LAKESHORE DRIVE NE, GOWEN MI 49326",KENT,45,91,33
RIVERSIDE ESTATES MHP,MI RIVERSIDE ESTATES PROPERTY LLC,"14566 RED BUD TRAIL N, BUCHANAN MI 49107",BERRIEN,87,37,17
ARTHURS MOBILE HOME COMMUNITY/HIDDEN GARDEN MHC,PACIFICA SHREWSBURY LLC,"25821 TELEGRAPH ROAD, FLAT ROCK MI 48134",WAYNE,64,28,4
,MONROE MHP LLC,"6385 N MONROE STREET, MONROE MI 48162",MONROE,29,28,16
,DEEP LAKE RECREATION PARK LLC,"12337 LAIRD ROAD, BROOKLYN MI 49230",LENAWEE,98,34,16
,PINE HAVEN ESTATES LLC,"10400 PEWAMO, PEWAMO MI 48873",IONIA,50,93,33
AUGRES HARBOR MOBILE HOME PARK,PAIL FACE LLC,"300 S MAIN STREET, AUGRES MI 48703",ARENAC,19,99,36
,FAIRLANE ESTATES MHP LLC,"2195 E GRAND RIVER AVE, HOWELL MI 48843",LIVINGSTON,60,50,22
,COUNTRY HILL PINES MHC LLC,"4021 PECK ROAD, CROSWELL MI 48422",SANILAC,111,98,25
NORTH SHORE MHP,RYMBER LLC,"8632 E. HOUGHTON LAKE DRIVE, HOUGHTON LAKE MI 48629",ROSCOMMON,30,105,36
,27860 HICKLER LANE LLC,"27860 HICKLER LN, HARRISON TOWNSHIP MI 48045",MACOMB,24,62,12
,HARTWICK PINES MHP LLC,"4869 N BRIGHTON CIRCLE, GRAYLING MI 49738",CRAWFORD,49,105,36
CREEK VALLEY MHC,NP CREEK VALLEY MHC LLC,"521 BEDFORD ROAD N, BATTLE CREEK MI 49017",CALHOUN,166,44,18
UPPER HAND RENTALS,ARBUTUS ESTATES LLC,"908 ARBUTUS AVE, MANISTIQUE MI 49854",SCHOOLCRAFT,11,108,38
LINDEN PLACE MHC,CC LINDEN PLACE PROPERTY LLC,"4192 LINDEN ROAD, FLINT MI 48507",GENESEE,162,69,27
,CONTINENTAL COMMUNITIES LLC,"3127 MAPLE, WARREN MI 48091",MACOMB,265,14,3
,PARK RIDGE MI MHC LLC,"1300 MICHIGAN AVE, IRON MOUNTAIN MI 49801",DICKINSON,94,110,38
,MOTOR CITY MHP LLC,"23765 LAWERENCE AVE, WARREN MI 48091",MACOMB,126,14,3
HUNTERS CREEK MANUFACTURED HOME COMMUNITY,CLEAR VIEW MHC HOLDINGS LLC,"725 DEMILLE ROAD, LAPEER MI 48446",LAPEER,402,67,26
,PLEASANT LAKE PARK LLC,"11285 E PLEASANT LAKE RD, MANCHESTER MI 48158",WASHTENAW,24,47,14
,NEIGHBORS OF LEBLANC LLC,"21331 HAMILTON AVE, FARMINGTON HILLS MI 48336",OAKLAND,36,18,6
,BAKER MHP LLC,"1030 E COLUMBIA AVE, BATTLE CREEK MI 49014",CALHOUN,119,45,18
,LAKE BLUFF RETIREMENT COMMUNITY,"401 KENNEALLY BLVD, GLADSTONE MI 49837",DELTA,102,108,38
SUBURBAN ESTATE MOBILE HOME PARK,AEI ROARING FORK LLC,"7230 SUBURBAN DRIVE, TRAVERSE CITY MI 49685",GRAND TRAVERSE,75,103,37
,PIONEER VILLAGE MI MHC LLC,"777 PIONEER ROAD, MARQUETTE MI 49855",MARQUETTE,92,109,38
PORT OF CALL MOBILE HOME PARK,PACIFICA SOUTH HAVEN LLC,"68304 CR 380, SOUTH HAVEN MI 49090",VAN BUREN,61,38,20
,OAKVIEW MHC LLC,"1800 E. JORDAN ROAD, MT PLEASANT MI 48858",ISABELLA,46,92,34
,WOODLAND PARK MHP LLC,"8005 W GRAND RIVER AVE, BRIGHTON MI 48114",LIVINGSTON,65,49,22
MUNGER MOBILE HOMES,4785 MUNGER HOLDING LLC,"4785 MUNGER ROAD, YPSILANTI MI 48197",WASHTENAW,20,32,15
GALE VALLEY MHC LLC,CC GALE VALLEY PROPERTY LLC,"353 E MICHIGAN AVE, GALESBURG MI 49053",KALAMAZOO,226,42,19
HILLSIDE ACRES MHC,PORT OF CALL MHC LLC,"5200 BANKERS ROAD, READING MI 49274",HILLSDALE,42,35,17
OAKSIDE MHC,CC OAKSIDE PROPERTY LLC,"2752 W NORTH UNION ROAD, MIDLAND MI 48642",BAY,142,97,35
WHITTAKER OAKS,CC WHITTAKER OAKS PROPERTY LLC,"11333 WHITTAKER ROAD, WHITTAKER MI 48190",WASHTENAW,228,31,15
VALLEY ESTATES,CC VALLEY ESTATES PROPERTY LLC,"16751 TURNER ROAD, LANSING MI 48906",CLINTON,148,77,28
,WESTWINDS MHC LLC,"3462 E ROSEBUSH ROAD, ROSEBUSH MI 48878",ISABELLA,14,92,34
,"MAPLE LEAF VILLAGE, LLC","8649 S LOOMIS ROAD, SHEPHERD MI 48883",ISABELLA,20,92,34
FREELAND,CC FREELAND PROPERTY LLC,"10340 MIDLAND ROAD, FREELAND MI 48623",SAGINAW,120,97,35
PINE AIRE MOBILE HOME PARK LLC,PAVILION HOME SALES MHP LLC,"5480 ALPINE AVE NW, COMSTOCK PARK MI 49321",KENT,81,90,30
,SUPERIOR VIEW ESTATES LLC,"801 PROSPECT STREET, MUNISING MI 49862",ALGER,37,109,38
,MC COUNTRY HERITAGE PROPERTY LLC,"771 MARY JEAN COURT, DUNDEE MI 48131",MONROE,213,31,16
WASHBURN LAKE VILLAGE MHC,PORT OF CALL MHC LLC,"59502 LONG LAKE ROAD, COLON MI 49040",ST JOSEPH,43,36,17
BARRON LAKE AND ROSEBUSH ESTATES,BLBR ESTATES LLC,"1318 ZILKE ROAD, CASS MI 49120",CASS,20,37,17
BARRON LAKE AND ROSEBUSH ESTATES,BLRB ESTATES LLC,"2423 DICK STREET, NILES MI 49120",CASS,30,37,17
,L & M MHP LLC,"1804 WEST 18TH STREET, SAULT STE MARIE MI 49783",CHIPPEWA,154,107,37
,WINDSOR ESTATES OF DIMONDALE LLC,"6661 N CANAL ROAD, DIMONDALE MI 48821",EATON,470,76,21
,"MC RAWSONVILLE PROPERTY, LLC","10825 RAWSONVILLE ROAD, BELLEVILLE MI 48111",WAYNE,536,31,4
,SILVER CREEK VILLAGE INC,"5100 S ELMS ROAD, SWARTZ CREEK MI 48473",GENESEE,109,71,27
LAKEVIEW TRAILER COURT,GERALD BURTON,"320 CEDAR STREET, SANFORD MI 48657",MIDLAND,18,95,34
,NEIGHBORS OF WESTGATE TRAILS LLC,"4260 LAWRENCE, PINCONNING MI 48650",BAY,50,99,36
,MY PLACE AT PEARL BEACH LLC,"3812 POINTE TREMBLE ROAD, ALGONAC MI 48001",ST CLAIR,32,63,12
,MY PLACE AT THORN HOLLOW LLC,"9600 NOOK ROAD, ST CLAIR MI 48001",ST CLAIR,45,63,12
,WESTSHORE MHC LLC,"3201 S EUCLID AVENUE, BAY CITY MI 48706",BAY,150,96,35
OAK FOREST,EVERGREEN OAK FOREST MHP LLC,"20 POWELL STREET, BATTLE CREEK MI 49014",CALHOUN,95,45,18
,"CIRCLE DRIVE MHP, LLC","12380 185TH AVE, BIG RAPIDS MI 49307",MECOSTA,50,100,34
ALANSON ESTATES,JCKC ENTERPRISES LLC,"6760 S PROSPECT, ALANSON MI 49706",EMMET,20,107,37
ELLIS LANDING,ELLIS LANDING MHC LLC,"1283 E. Ellis Road, Norton Shores MI 49441",MUSKEGON,47,88,32
CHANNEL VIEW MHC,CC CHANNEL VIEW PROPERTY LLC,"5150 TAFT ROAD, ALGONAC MI 48001",ST CLAIR,337,63,12
,NORTHERN COVE PROPERTIES LLC,"12600 US-31 N, CHARLEVOIX MI 49720",CHARLEVOIX,35,107,37
GRAND LEDGE RAVINES MHC,CC GRAND LEDGE RAVINES PROPERTY LLC,"855 W JEFFERSON STREET, GRAND LEDGE MI 48837",EATON,219,77,21
,SHAMROCK VILLAGE MHC ESTATES LLC,"1811 N. TELEGRAPH ROAD, MONROE MI 48162",MONROE,76,29,16
GROVELAND MANOR MHC,YES GROVELAND MANOR LLC,"13318 SOUTH DIXIE HWY, HOLLY MI 48442",OAKLAND,186,68,24
HURON MOBILE HOME PARK LLC,EVERGREEN HURON MHP LLC,"163 NELSON ROAD, HARBOR BEACH MI 48441",HURON,54,98,25
,GENESEE VILLA LLC,"G-5125 N CENTER ROAD, FLINT MI 48506",GENESEE,93,67,26
,CARRIAGE WAY OF CHESTERFIELD LLC,"29800 GUILFORD CIRCLE, CHESTERFIELD MI 48051",MACOMB,798,63,12
,RIVERVIEW GLADWIN LLC,"2577 LAKESHORE DRIVE, GLADWIN MI 48624",Gladwin,37,99,34
HARDY PARK,HARDY MHP LLC,"3531 ANTOR ROAD, NEWAYGO MI 49337",NEWAYGO,56,101,33
CROCKERY MHC,NP SPRING LAKE LLC,"13251 STATE ROAD, NUNICA MI 49448",OTTAWA,165,88,31
,MOUNT MORRIS MOBILE HOME PARK LLC,"2198 E MOUNT MORRIS ROAD, MOUNT MORRIS MI 48458",GENESEE,391,67,26
WESTHAVEN MOBILE HOME PARK,COSMONET-WESTHAVEN LLC,"3251 TORREY ROAD, FLINT MI 48507",GENESEE,77,70,27
,CENTREVILLE MHP LLC,"135 N JANE STREET, CENTREVILLE MI 49032",ST JOSEPH,83,36,17
MOBILE MANOR MOBILE HOME PARK,EVERGREEN BRONSON LLC,"104 FIRST STREET, BRONSON MI 49028",BRANCH,29,35,17
TWIN MEADOWS,EVERGREEN TWIN MEADOWS LLC,"1021 E SCOTTWOOD AVE, BURTON MI 48529",GENESEE,105,70,27
,HURON RIVER MHC ESTATES LLC,"8025 S HURON RIVER DRIVE SOUTH, SOUTH ROCKWOOD MI 48179",MONROE,50,28,16
,BEACON MADISON OAKS HOMES LLC,"26131 DEQUINDRE ROAD, MADISON HEIGHTS MI 48071",OAKLAND,263,8,3
,PINE VILLAGE ESTATES LLC,"56289 MURRY STREET, MATTAWAN MI 49079",VAN BUREN,58,39,19
,FP EASTERN VILLA LLC,"3665 EASTERN AVE SE, WYOMING MI 49508",KENT,43,83,29
,FP COUNTRY CORNERS LLC,"6006 EASTERN AVE SE, GRAND RAPIDS MI 49548",KENT,49,79,20
,YES ROBIN GLEN LLC,"5720 EAST WASHINGTON ROAD, SAGINAW MI 48601",SAGINAW,511,97,35
,PINE CREST MANUFACTURED HOME COMMUNITY LLC,"1628 E CARO ROAD, CARO MI 48723",TUSCOLA,88,97,25
,GRAND COUNTRY MHC LLC,"13401 84TH AVE, COOPERSVILLE MI 49404",OTTAWA,52,89,30
FOX RUN MANUFACTURED HOME COMMUNITY,SUN FOX RUN LLC,"141 FOX RUN, BOYNE CITY MI 49712",CHARLEVOIX,68,107,37
,EDMORE MHC LLC,"525 GILSON STREET, EDMORE MI 48829",MONTCALM,18,91,33
FORNICOLA MHP,WOODSIDE ESTATES MANSFIELD LLC,"2501 ASHMUN STREET, SAULT STE MARIE MI 49783",CHIPPEWA,66,107,37
,JACKSON MICHIGAN MHP LLC,"3921 W. MICHIGAN AVE, JACKSON MI 49202",JACKSON,40,46,14